SYSTEM,RTE,SEC,MP,DATE,TIME,SEVERITY,LOCATION,ROAD_DESC,VEHICLES,CONTOUR,CONDITION,LIGHTING,LATITUDE,LONGITUDE,AGE_1,SEX_1,DRIVER_1
INTERSTATE,70,A,288.13,1/1/2018,540.0,PDO,OFF LEFT,NON-INTERSECTION,1,STRAIGHT ON-LEVEL,DRY,DARK-UNLIGHTED,39.741506,-104.734692,25,M,NO IMPAIRMENT SUSPECTED
INTERSTATE,70,A,230.0,1/3/2018,1700.0,PDO,ON,NON-INTERSECTION,2,STRAIGHT ON-LEVEL,DRY,DAWN OR DUSK,39.742843,-105.683023,22,M,NO IMPAIRMENT SUSPECTED
INTERSTATE,70,A,263.4,1/5/2018,1510.0,PDO,ON,NON-INTERSECTION,2,STRAIGHT ON-GRADE,DRY,DAYLIGHT,39.748952,-105.149442,18,F,NO IMPAIRMENT SUSPECTED
INTERSTATE,70,A,248.0,1/6/2018,1715.0,PDO,ON,NON-INTERSECTION,1,STRAIGHT ON-GRADE,DRY,DARK-UNLIGHTED,39.715445,-105.383667,53,M,NO IMPAIRMENT SUSPECTED
INTERSTATE,70,A,262.57,1/7/2018,1035.0,PDO,ON,AT INTERSECTION,2,STRAIGHT ON-GRADE,DRY,DAYLIGHT,39.739801,-105.159144,19,M,NO IMPAIRMENT SUSPECTED
INTERSTATE,70,A,262.57,1/7/2018,1440.0,PDO,ON,AT INTERSECTION,2,CURVE ON-GRADE,DRY,DAYLIGHT,39.739801,-105.159144,44,F,NO IMPAIRMENT SUSPECTED
INTERSTATE,70,A,245.9,1/10/2018,853.0,PDO,ON,NON-INTERSECTION,2,STRAIGHT ON-GRADE,DRY,DAYLIGHT,39.726678,-105.422066,20,M,NO IMPAIRMENT SUSPECTED
INTERSTATE,70,A,288.97,1/10/2018,1323.0,PDO,ON,NON-INTERSECTION,2,STRAIGHT ON-LEVEL,DRY,DAYLIGHT,39.740127,-104.71902,0,,NO IMPAIRMENT SUSPECTED
INTERSTATE,70,A,262.95,1/10/2018,1634.0,INJ,ON,NON-INTERSECTION,4,STRAIGHT ON-LEVEL,DRY,DAWN OR DUSK,39.743616,-105.15438,72,M,NO IMPAIRMENT SUSPECTED
INTERSTATE,70,A,261.11,1/11/2018,1754.0,PDO,ON,NON-INTERSECTION,2,STRAIGHT ON-LEVEL,DRY,DARK-UNLIGHTED,39.725927,-105.178164,18,M,NO IMPAIRMENT SUSPECTED
INTERSTATE,70,A,242.3,1/12/2018,1100.0,PDO,OFF RIGHT,NON-INTERSECTION,1,CURVE ON-LEVEL,DRY,DAYLIGHT,39.744759,-105.4747,93,M,NO IMPAIRMENT SUSPECTED
INTERSTATE,70,A,304.67,1/12/2018,1900.0,PDO,ON,NON-INTERSECTION,2,STRAIGHT ON-GRADE,ICY,DARK-UNLIGHTED,39.7381,-104.427516,29,M,NO IMPAIRMENT SUSPECTED
INTERSTATE,70,A,248.9,1/12/2018,1915.0,PDO,OFF LEFT,NON-INTERSECTION,1,CURVE ON-GRADE,DRY,DARK-LIGHTED,39.714289,-105.369153,22,M,NO IMPAIRMENT SUSPECTED
INTERSTATE,70,A,245.0,1/13/2018,620.0,PDO,ON,NON-INTERSECTION,2,STRAIGHT ON-GRADE,DRY,DAWN OR DUSK,39.737695,-105.431191,24,M,NO IMPAIRMENT SUSPECTED
INTERSTATE,70,A,228.2,1/13/2018,1558.0,PDO,ON,NON-INTERSECTION,3,STRAIGHT ON-GRADE,DRY,DAYLIGHT,39.720049,-105.695828,41,M,NO IMPAIRMENT SUSPECTED
INTERSTATE,70,A,244.8,1/14/2018,645.0,INJ,ON,NON-INTERSECTION,3,STRAIGHT ON-GRADE,DRY,DAWN OR DUSK,39.740481,-105.432702,21,M,NO IMPAIRMENT SUSPECTED
INTERSTATE,70,A,313.09,1/15/2018,615.0,FAT,OFF LEFT,NON-INTERSECTION,1,STRAIGHT ON-GRADE,ICY,DARK-UNLIGHTED,39.728417,-104.272511,30,M,NO IMPAIRMENT SUSPECTED
INTERSTATE,70,A,315.2,1/15/2018,630.0,INJ,OFF IN MEDIAN,NON-INTERSECTION,1,STRAIGHT ON-LEVEL,ICY,DAYLIGHT,39.718751,-104.234709,49,F,NO IMPAIRMENT SUSPECTED
INTERSTATE,70,A,262.57,1/16/2018,1725.0,PDO,ON,AT INTERSECTION,2,STRAIGHT ON-GRADE,DRY,DARK-LIGHTED,39.739801,-105.159144,0,,NO IMPAIRMENT SUSPECTED
INTERSTATE,70,A,262.57,1/16/2018,1845.0,PDO,ON,AT INTERSECTION,2,STRAIGHT ON-GRADE,DRY,DARK-LIGHTED,39.739801,-105.159144,0,,NO IMPAIRMENT SUSPECTED
INTERSTATE,70,A,260.83,1/18/2018,1545.0,PDO,ON,NON-INTERSECTION,2,STRAIGHT ON-GRADE,DRY,DAYLIGHT,39.723296,-105.182219,76,M,NO IMPAIRMENT SUSPECTED
INTERSTATE,70,A,260.5,1/18/2018,1732.0,PDO,ON,NON-INTERSECTION,2,STRAIGHT ON-LEVEL,DRY,DARK-LIGHTED,39.720186,-105.186949,56,M,NO IMPAIRMENT SUSPECTED
INTERSTATE,70,A,247.6,1/19/2018,1155.0,INJ,OFF LEFT,NON-INTERSECTION,1,STRAIGHT ON-GRADE,DRY,DAYLIGHT,39.715335,-105.391639,62,M,NO IMPAIRMENT SUSPECTED
INTERSTATE,70,A,243.2,1/20/2018,630.0,PDO,ON,NON-INTERSECTION,2,STRAIGHT ON-LEVEL,DRY,DARK-UNLIGHTED,39.744888,-105.457318,22,M,NO IMPAIRMENT SUSPECTED
INTERSTATE,70,A,288.0,1/20/2018,1641.0,INJ,OFF LEFT,NON-INTERSECTION,1,CURVE ON-LEVEL,DRY,DAYLIGHT,39.742593,-104.736523,25,M,ALCOHOL INVOLVED
INTERSTATE,70,A,260.5,1/20/2018,1728.0,PDO,ON,NON-INTERSECTION,2,STRAIGHT ON-LEVEL,DRY,DARK-LIGHTED,39.720186,-105.186949,32,M,NO IMPAIRMENT SUSPECTED
INTERSTATE,70,A,262.57,1/21/2018,1929.0,PDO,OFF RIGHT,NON-INTERSECTION,1,STRAIGHT ON-GRADE,ICY,DARK-UNLIGHTED,39.739801,-105.159144,25,M,NO IMPAIRMENT SUSPECTED
INTERSTATE,70,A,239.5,1/21/2018,1956.0,PDO,ON,NON-INTERSECTION,2,STRAIGHT ON-GRADE,ICY,DARK-UNLIGHTED,39.741475,-105.522983,0,,NO IMPAIRMENT SUSPECTED
INTERSTATE,70,A,252.54,1/22/2018,1056.0,INJ,OFF RIGHT,NON-INTERSECTION,2,CURVE ON-GRADE,WET,DAYLIGHT,39.714068,-105.312353,38,F,NO IMPAIRMENT SUSPECTED
INTERSTATE,70,A,230.7,1/23/2018,1530.0,PDO,OFF LEFT,NON-INTERSECTION,1,CURVE ON-LEVEL,DRY,DAYLIGHT,39.747947,-105.67196,62,F,NO IMPAIRMENT SUSPECTED
INTERSTATE,70,A,288.41,1/26/2018,245.0,FAT,ON,NON-INTERSECTION,2,STRAIGHT ON-LEVEL,DRY,DARK-LIGHTED,39.740147,-104.728542,38,M,NO IMPAIRMENT SUSPECTED
INTERSTATE,70,A,261.0,1/26/2018,1600.0,PDO,ON,NON-INTERSECTION,3,STRAIGHT ON-LEVEL,DRY,DAYLIGHT,39.724894,-105.179757,19,F,NO IMPAIRMENT SUSPECTED
INTERSTATE,70,A,289.13,1/26/2018,1925.0,PDO,OFF LEFT,RAMP,2,STRAIGHT ON-GRADE,DRY,DARK-LIGHTED,39.740134,-104.716388,0,,NO IMPAIRMENT SUSPECTED
INTERSTATE,70,A,242.75,1/27/2018,634.0,INJ,ON,NON-INTERSECTION,3,STRAIGHT ON-LEVEL,DRY,DAWN OR DUSK,39.746248,-105.465723,23,M,NO IMPAIRMENT SUSPECTED
INTERSTATE,70,A,249.3,1/27/2018,650.0,PDO,ON,NON-INTERSECTION,3,STRAIGHT ON-GRADE,DRY,DAWN OR DUSK,39.712303,-105.362614,49,M,NO IMPAIRMENT SUSPECTED
INTERSTATE,70,A,241.5,1/27/2018,925.0,INJ,ON,NON-INTERSECTION,2,STRAIGHT ON-LEVEL,DRY,DAYLIGHT,39.744411,-105.488957,28,M,NO IMPAIRMENT SUSPECTED
INTERSTATE,70,A,309.8,1/28/2018,1300.0,PDO,ON,NON-INTERSECTION,2,STRAIGHT ON-LEVEL,DRY,DAYLIGHT,39.734458,-104.333253,21,M,NO IMPAIRMENT SUSPECTED
INTERSTATE,70,A,227.6,1/28/2018,1834.0,PDO,ON,NON-INTERSECTION,2,STRAIGHT ON-GRADE,ICY,DARK-UNLIGHTED,39.710905,-105.697271,24,M,NO IMPAIRMENT SUSPECTED
INTERSTATE,70,A,239.5,1/28/2018,1945.0,PDO,ON,NON-INTERSECTION,2,STRAIGHT ON-LEVEL,DRY,DARK-UNLIGHTED,39.741475,-105.522983,25,M,NO IMPAIRMENT SUSPECTED
INTERSTATE,70,A,242.5,1/29/2018,840.0,PDO,ON,NON-INTERSECTION,3,STRAIGHT ON-LEVEL,DRY,DAYLIGHT,39.745222,-105.47048,41,F,NO IMPAIRMENT SUSPECTED
INTERSTATE,70,A,254.0,1/30/2018,644.0,PDO,ON,NON-INTERSECTION,2,STRAIGHT ON-GRADE,DRY,DAWN OR DUSK,39.709013,-105.286143,21,M,NO IMPAIRMENT SUSPECTED
INTERSTATE,70,A,262.0,1/30/2018,1418.0,PDO,ON,NON-INTERSECTION,2,STRAIGHT ON-GRADE,DRY,DAYLIGHT,39.734373,-105.165983,40,M,NO IMPAIRMENT SUSPECTED
INTERSTATE,70,A,229.5,1/30/2018,1959.0,INJ,OFF LEFT,NON-INTERSECTION,1,STRAIGHT ON-LEVEL,DRY,DARK-LIGHTED,39.736549,-105.687407,55,M,NO IMPAIRMENT SUSPECTED
INTERSTATE,70,A,228.3,1/31/2018,830.0,PDO,ON,NON-INTERSECTION,2,STRAIGHT ON-GRADE,DRY,DAYLIGHT,39.72159,-105.69559,39,M,NO IMPAIRMENT SUSPECTED
INTERSTATE,70,A,261.66,2/1/2018,2200.0,PDO,OFF LEFT,RAMP,1,CURVE ON-GRADE,DRY,DARK-LIGHTED,39.731135,-105.170061,35,M,NO IMPAIRMENT SUSPECTED
INTERSTATE,70,A,245.7,2/2/2018,950.0,INJ,ON,NON-INTERSECTION,2,STRAIGHT ON-GRADE,DRY,DAYLIGHT,39.728988,-105.42438,19,M,NO IMPAIRMENT SUSPECTED
INTERSTATE,70,A,262.57,2/2/2018,1608.0,PDO,ON,NON-INTERSECTION,2,STRAIGHT ON-LEVEL,DRY,DAYLIGHT,39.739801,-105.159144,27,F,NO IMPAIRMENT SUSPECTED
INTERSTATE,70,A,154.5,2/5/2018,1705.0,PDO,ON,NON-INTERSECTION,3,CURVE ON-GRADE,DRY,DAWN OR DUSK,39.711777,-106.701514,21,M,NO IMPAIRMENT SUSPECTED
INTERSTATE,70,A,229.5,2/5/2018,2115.0,PDO,OFF RIGHT,NON-INTERSECTION,1,STRAIGHT ON-LEVEL,ICY,DARK-UNLIGHTED,39.736549,-105.687407,23,M,NO IMPAIRMENT SUSPECTED
INTERSTATE,70,A,240.0,2/10/2018,1120.0,PDO,OFF RIGHT,NON-INTERSECTION,1,STRAIGHT ON-LEVEL,SNOWY W/VIS ICY ROAD TREATMENT,DAYLIGHT,39.741308,-105.513778,52,M,NO IMPAIRMENT SUSPECTED
INTERSTATE,70,A,241.0,2/10/2018,1120.0,PDO,OFF RIGHT,NON-INTERSECTION,1,STRAIGHT ON-LEVEL,SLUSHY W/VIS ICY ROAD TREATMENT,DAYLIGHT,39.741215,-105.495956,22,F,NO IMPAIRMENT SUSPECTED
INTERSTATE,70,A,262.56,2/10/2018,1523.0,PDO,OFF RIGHT,RAMP,1,STRAIGHT ON-GRADE,SLUSHY,DAYLIGHT,39.739705,-105.159264,30,M,NO IMPAIRMENT SUSPECTED
INTERSTATE,70,A,291.8,2/10/2018,2055.0,INJ,OFF RIGHT,NON-INTERSECTION,1,STRAIGHT ON-LEVEL,ICY,DARK-LIGHTED,39.740038,-104.668224,27,F,NO IMPAIRMENT SUSPECTED
INTERSTATE,70,A,253.3,2/11/2018,725.0,PDO,ON,NON-INTERSECTION,3,STRAIGHT ON-GRADE,WET,DAYLIGHT,39.711111,-105.298789,54,M,NO IMPAIRMENT SUSPECTED
INTERSTATE,70,A,253.3,2/11/2018,730.0,INJ,ON,NON-INTERSECTION,3,STRAIGHT ON-GRADE,WET,DAYLIGHT,39.711111,-105.298789,77,M,NO IMPAIRMENT SUSPECTED
INTERSTATE,70,A,245.5,2/11/2018,1016.0,INJ,ON,NON-INTERSECTION,2,CURVE ON-GRADE,WET,DAYLIGHT,39.731256,-105.426689,36,M,NO IMPAIRMENT SUSPECTED
INTERSTATE,70,A,262.52,2/12/2018,1820.0,PDO,ON,NON-INTERSECTION,2,STRAIGHT ON-LEVEL,DRY,DARK-LIGHTED,39.739324,-105.159744,0,,NO IMPAIRMENT SUSPECTED
INTERSTATE,70,A,253.63,2/13/2018,722.0,INJ,ON,NON-INTERSECTION,2,STRAIGHT ON-GRADE,WET,DAYLIGHT,39.709629,-105.292912,59,F,NO IMPAIRMENT SUSPECTED
INTERSTATE,70,A,252.99,2/13/2018,736.0,INJ,ON,NON-INTERSECTION,2,STRAIGHT ON-GRADE,WET,DAYLIGHT,39.712542,-105.304303,16,M,NO IMPAIRMENT SUSPECTED
INTERSTATE,70,A,253.7,2/13/2018,825.0,INJ,ON,NON-INTERSECTION,4,STRAIGHT ON-GRADE,WET,DAYLIGHT,39.709412,-105.291646,78,M,NO IMPAIRMENT SUSPECTED
INTERSTATE,70,A,260.0,2/13/2018,1700.0,PDO,ON,NON-INTERSECTION,1,STRAIGHT ON-GRADE,DRY,DAYLIGHT,39.714575,-105.192224,47,F,NO IMPAIRMENT SUSPECTED
INTERSTATE,70,A,289.16,2/15/2018,1730.0,PDO,OFF RIGHT,AT INTERSECTION,1,STRAIGHT ON-LEVEL,WET,DAWN OR DUSK,39.740135,-104.715894,19,M,NO IMPAIRMENT SUSPECTED
INTERSTATE,70,A,252.1,2/16/2018,717.0,PDO,ON,NON-INTERSECTION,2,STRAIGHT ON-GRADE,DRY,DAYLIGHT,39.710042,-105.3181,34,F,NO IMPAIRMENT SUSPECTED
INTERSTATE,70,A,253.91,2/16/2018,717.0,INJ,ON,NON-INTERSECTION,2,STRAIGHT ON-GRADE,WET,DAYLIGHT,39.709102,-105.287791,44,M,NO IMPAIRMENT SUSPECTED
INTERSTATE,70,A,293.0,2/16/2018,1845.0,PDO,OFF RIGHT,NON-INTERSECTION,1,CURVE ON-GRADE,ICY,DARK-UNLIGHTED,39.73863,-104.645102,37,M,NO IMPAIRMENT SUSPECTED
INTERSTATE,70,A,305.3,2/18/2018,530.0,INJ,OFF RIGHT,NON-INTERSECTION,1,CURVE ON-GRADE,DRY,DARK-UNLIGHTED,39.738071,-104.415817,38,F,NO IMPAIRMENT SUSPECTED
INTERSTATE,70,A,228.5,2/18/2018,1100.0,PDO,ON,NON-INTERSECTION,2,STRAIGHT ON-LEVEL,DRY,DAYLIGHT,39.724183,-105.694858,46,M,NO IMPAIRMENT SUSPECTED
INTERSTATE,70,A,228.02,2/18/2018,1320.0,PDO,ON,NON-INTERSECTION,2,STRAIGHT ON-GRADE,DRY,DAWN OR DUSK,39.717265,-105.696255,21,F,NO IMPAIRMENT SUSPECTED
INTERSTATE,70,A,228.02,2/18/2018,1330.0,PDO,ON,NON-INTERSECTION,2,STRAIGHT ON-GRADE,DRY,DAYLIGHT,39.717265,-105.696255,26,M,NO IMPAIRMENT SUSPECTED
INTERSTATE,70,A,261.0,2/18/2018,1528.0,PDO,OFF LEFT,NON-INTERSECTION,1,STRAIGHT ON-GRADE,DRY,DAYLIGHT,39.724894,-105.179757,27,M,NO IMPAIRMENT SUSPECTED
INTERSTATE,70,A,241.5,2/18/2018,1930.0,PDO,ON,NON-INTERSECTION,2,CURVE ON-LEVEL,DRY,DARK-UNLIGHTED,39.744411,-105.488957,0,,NO IMPAIRMENT SUSPECTED
INTERSTATE,70,A,247.2,2/19/2018,1534.0,PDO,OFF RIGHT,NON-INTERSECTION,1,CURVE ON-GRADE,SNOWY,DAYLIGHT,39.717088,-105.398702,19,M,NO IMPAIRMENT SUSPECTED
INTERSTATE,70,A,288.32,2/19/2018,1820.0,PDO,OFF LEFT,NON-INTERSECTION,1,CURVE ON-LEVEL,SNOWY,DARK-LIGHTED,39.740149,-104.730564,17,M,NO IMPAIRMENT SUSPECTED
INTERSTATE,70,A,247.0,2/21/2018,257.0,INJ,ON,NON-INTERSECTION,2,STRAIGHT ON-GRADE,WET,DARK-UNLIGHTED,39.719178,-105.402112,31,M,NO IMPAIRMENT SUSPECTED
INTERSTATE,70,A,243.2,2/21/2018,1343.0,INJ,OFF LEFT,NON-INTERSECTION,1,CURVE ON-GRADE,DRY,DAYLIGHT,39.744888,-105.457318,48,M,NO IMPAIRMENT SUSPECTED
INTERSTATE,70,A,244.2,2/21/2018,1510.0,INJ,OFF LEFT,NON-INTERSECTION,1,CURVE ON-GRADE,WET,DAYLIGHT,39.745138,-105.440266,58,F,NO IMPAIRMENT SUSPECTED
INTERSTATE,70,A,244.4,2/21/2018,1515.0,PDO,ON,NON-INTERSECTION,2,CURVE ON-GRADE,DRY,DAYLIGHT,39.745108,-105.436642,25,F,NO IMPAIRMENT SUSPECTED
INTERSTATE,70,A,262.57,2/21/2018,1622.0,PDO,ON,NON-INTERSECTION,3,STRAIGHT ON-LEVEL,DRY,DAYLIGHT,39.739801,-105.159144,26,M,NO IMPAIRMENT SUSPECTED
INTERSTATE,70,A,262.57,2/22/2018,1501.0,PDO,ON,NON-INTERSECTION,2,STRAIGHT ON-GRADE,SNOWY,DAYLIGHT,39.739801,-105.159144,69,M,NO IMPAIRMENT SUSPECTED
INTERSTATE,70,A,294.0,2/22/2018,2029.0,PDO,ON,NON-INTERSECTION,2,STRAIGHT ON-LEVEL,SNOWY,DARK-UNLIGHTED,39.739888,-104.627854,0,U,NO IMPAIRMENT SUSPECTED
INTERSTATE,70,A,295.95,2/23/2018,513.0,INJ,OFF LEFT,NON-INTERSECTION,1,CURVE ON-GRADE,SNOWY W/VIS ICY ROAD TREATMENT,DARK-LIGHTED,39.73973,-104.589778,57,F,NO IMPAIRMENT SUSPECTED
INTERSTATE,70,A,238.1,2/23/2018,1715.0,PDO,ON,NON-INTERSECTION,3,CURVE ON-GRADE,WET,DAYLIGHT,39.748676,-105.547626,72,M,NO IMPAIRMENT SUSPECTED
INTERSTATE,70,A,295.7,2/24/2018,326.0,PDO,ON,NON-INTERSECTION,1,STRAIGHT ON-LEVEL,DRY,DARK-UNLIGHTED,39.739788,-104.594368,35,M,NO IMPAIRMENT SUSPECTED
INTERSTATE,70,A,238.3,2/25/2018,740.0,PDO,ON,NON-INTERSECTION,2,STRAIGHT ON-GRADE,DRY,DAYLIGHT,39.747158,-105.544661,44,F,NO IMPAIRMENT SUSPECTED
INTERSTATE,70,A,261.03,2/26/2018,641.0,PDO,ON,NON-INTERSECTION,4,STRAIGHT ON-GRADE,DRY,DAYLIGHT,39.725175,-105.179322,0,,NO IMPAIRMENT SUSPECTED
INTERSTATE,70,A,259.8,2/26/2018,1330.0,INJ,OFF LEFT,NON-INTERSECTION,1,STRAIGHT ON-GRADE,DRY,DAYLIGHT,39.71234,-105.193936,63,M,NO IMPAIRMENT SUSPECTED
INTERSTATE,70,A,242.5,2/27/2018,750.0,PDO,OFF RIGHT,NON-INTERSECTION,1,CURVE ON-GRADE,WET,DAWN OR DUSK,39.745222,-105.47048,23,F,NO IMPAIRMENT SUSPECTED
INTERSTATE,70,A,240.5,2/27/2018,852.0,INJ,OFF RIGHT,NON-INTERSECTION,2,STRAIGHT ON-GRADE,ICY,DAYLIGHT,39.740321,-105.504953,39,F,NO IMPAIRMENT SUSPECTED
INTERSTATE,70,A,260.5,2/28/2018,2145.0,PDO,OFF RIGHT,NON-INTERSECTION,1,STRAIGHT ON-LEVEL,DRY,DARK-LIGHTED,39.720186,-105.186949,53,F,NO IMPAIRMENT SUSPECTED
INTERSTATE,70,A,243.8,3/1/2018,1426.0,INJ,OFF RIGHT,NON-INTERSECTION,1,CURVE ON-LEVEL,DRY,DAYLIGHT,39.744355,-105.44698,78,M,NO IMPAIRMENT SUSPECTED
INTERSTATE,70,A,262.57,3/1/2018,1743.0,PDO,ON,AT INTERSECTION,2,STRAIGHT ON-GRADE,DRY,DAYLIGHT,39.739801,-105.159144,29,F,NO IMPAIRMENT SUSPECTED
INTERSTATE,70,A,227.9,3/3/2018,755.0,PDO,ON,NON-INTERSECTION,2,STRAIGHT ON-GRADE,DRY,DAYLIGHT,39.715408,-105.696539,18,M,NO IMPAIRMENT SUSPECTED
INTERSTATE,70,A,248.0,3/3/2018,1605.0,PDO,ON,NON-INTERSECTION,2,STRAIGHT ON-GRADE,DRY,DAWN OR DUSK,39.715445,-105.383667,31,M,NO IMPAIRMENT SUSPECTED
INTERSTATE,70,A,291.5,3/5/2018,1640.0,PDO,OFF LEFT,NON-INTERSECTION,1,STRAIGHT ON-LEVEL,DRY,DAYLIGHT,39.740031,-104.673448,0,U,NO IMPAIRMENT SUSPECTED
INTERSTATE,70,A,243.0,3/6/2018,2151.0,PDO,OFF RIGHT,NON-INTERSECTION,1,STRAIGHT ON-LEVEL,WET W/VIS ICY ROAD TREATMENT,DARK-LIGHTED,39.746291,-105.460542,39,M,NO IMPAIRMENT SUSPECTED
INTERSTATE,70,A,260.5,3/8/2018,614.0,PDO,OFF LEFT,NON-INTERSECTION,1,CURVE ON-LEVEL,DRY,DAWN OR DUSK,39.720186,-105.186949,24,M,NO IMPAIRMENT SUSPECTED
INTERSTATE,70,A,263.41,3/8/2018,1600.0,INJ,ON,NON-INTERSECTION,2,STRAIGHT ON-LEVEL,DRY,DAYLIGHT,39.749072,-105.14935,23,F,NO IMPAIRMENT SUSPECTED
INTERSTATE,70,A,243.4,3/9/2018,540.0,PDO,OFF RIGHT,NON-INTERSECTION,1,STRAIGHT ON-LEVEL,DRY W/VIS ICY ROAD TREATMENT,DARK-UNLIGHTED,39.743353,-105.454164,24,M,NO IMPAIRMENT SUSPECTED
INTERSTATE,70,A,260.8,3/9/2018,1645.0,PDO,ON,NON-INTERSECTION,4,STRAIGHT ON-LEVEL,DRY,DAYLIGHT,39.723014,-105.182653,32,M,NO IMPAIRMENT SUSPECTED
INTERSTATE,70,A,259.91,3/11/2018,438.0,PDO,OFF LEFT,NON-INTERSECTION,1,STRAIGHT ON-LEVEL,DRY,DARK-LIGHTED,39.713573,-105.193,23,M,ALCOHOL INVOLVED
INTERSTATE,70,A,299.33,3/11/2018,835.0,INJ,ON,AT INTERSECTION,2,STRAIGHT ON-LEVEL,DRY,DAYLIGHT,39.738661,-104.526928,36,M,NO IMPAIRMENT SUSPECTED
INTERSTATE,70,A,263.1,3/13/2018,1040.0,PDO,ON,NON-INTERSECTION,1,STRAIGHT ON-LEVEL,DRY,DAYLIGHT,39.745282,-105.152453,52,M,NO IMPAIRMENT SUSPECTED
INTERSTATE,70,A,262.56,3/13/2018,1743.0,PDO,ON,AT INTERSECTION,2,STRAIGHT ON-LEVEL,DRY,DAYLIGHT,39.739705,-105.159264,24,M,NO IMPAIRMENT SUSPECTED
INTERSTATE,70,A,310.01,3/14/2018,1736.0,PDO,ON,NON-INTERSECTION,1,STRAIGHT ON-LEVEL,DRY,DAWN OR DUSK,39.734239,-104.328478,26,M,NO IMPAIRMENT SUSPECTED
INTERSTATE,70,A,244.2,3/17/2018,149.0,PDO,OFF LEFT,NON-INTERSECTION,1,CURVE ON-GRADE,DRY,DARK-UNLIGHTED,39.745138,-105.440266,23,F,ALCOHOL INVOLVED
INTERSTATE,70,A,242.2,3/17/2018,1711.0,PDO,ON,NON-INTERSECTION,2,STRAIGHT ON-GRADE,DRY,DAYLIGHT,39.744452,-105.476806,25,M,NO IMPAIRMENT SUSPECTED
INTERSTATE,70,A,240.0,3/17/2018,1735.0,PDO,ON,NON-INTERSECTION,2,STRAIGHT ON-LEVEL,DRY,DAYLIGHT,39.741308,-105.513778,63,M,NO IMPAIRMENT SUSPECTED
INTERSTATE,70,A,244.5,3/18/2018,1659.0,PDO,ON,NON-INTERSECTION,2,STRAIGHT ON-GRADE,WET,DAYLIGHT,39.744354,-105.43495,30,F,NO IMPAIRMENT SUSPECTED
INTERSTATE,70,A,291.8,3/18/2018,1810.0,PDO,OFF LEFT,NON-INTERSECTION,1,STRAIGHT ON-LEVEL,SLUSHY,DARK-UNLIGHTED,39.740038,-104.668224,22,F,NO IMPAIRMENT SUSPECTED
INTERSTATE,70,A,247.1,3/18/2018,1817.0,INJ,OFF RIGHT,NON-INTERSECTION,1,HILLCREST,DRY,DAYLIGHT,39.718186,-105.400367,24,M,NO IMPAIRMENT SUSPECTED
INTERSTATE,70,A,288.0,3/18/2018,1834.0,PDO,OFF RIGHT,NON-INTERSECTION,1,CURVE ON-LEVEL,SLUSHY,DARK-UNLIGHTED,39.742593,-104.736523,31,M,NO IMPAIRMENT SUSPECTED
INTERSTATE,70,A,228.5,3/18/2018,1916.0,PDO,OFF RIGHT,NON-INTERSECTION,1,STRAIGHT ON-LEVEL,SNOWY,DARK-LIGHTED,39.724183,-105.694858,32,M,NO IMPAIRMENT SUSPECTED
INTERSTATE,70,A,287.22,3/19/2018,411.0,INJ,OFF RIGHT,NON-INTERSECTION,1,CURVE ON-GRADE,ICY,DARK-UNLIGHTED,39.74912,-104.74751,35,F,NO IMPAIRMENT SUSPECTED
INTERSTATE,70,A,238.3,3/19/2018,500.0,PDO,ON,NON-INTERSECTION,2,CURVE ON-LEVEL,WET,DARK-UNLIGHTED,39.747158,-105.544661,37,M,NO IMPAIRMENT SUSPECTED
INTERSTATE,70,A,288.22,3/19/2018,550.0,PDO,OFF RIGHT,NON-INTERSECTION,2,STRAIGHT ON-LEVEL,ICY,DARK-UNLIGHTED,39.740676,-104.733128,42,M,NO IMPAIRMENT SUSPECTED
INTERSTATE,70,A,296.15,3/19/2018,600.0,PDO,OFF LEFT,NON-INTERSECTION,1,STRAIGHT ON-LEVEL,ICY W/VIS ICY ROAD TREATMENT,DARK-UNLIGHTED,39.739683,-104.586106,52,F,NO IMPAIRMENT SUSPECTED
INTERSTATE,70,A,295.7,3/19/2018,615.0,PDO,ON,NON-INTERSECTION,2,STRAIGHT ON-LEVEL,ICY,DAWN OR DUSK,39.739788,-104.594368,19,M,NO IMPAIRMENT SUSPECTED
INTERSTATE,70,A,244.08,3/19/2018,1600.0,PDO,ON,NON-INTERSECTION,2,STRAIGHT ON-GRADE,DRY,DAYLIGHT,39.744013,-105.442098,44,M,NO IMPAIRMENT SUSPECTED
INTERSTATE,70,A,288.21,3/21/2018,104.0,INJ,OFF RIGHT,RAMP,1,CURVE ON-GRADE,DRY,DARK-UNLIGHTED,39.740772,-104.733333,28,F,ALCOHOL INVOLVED
INTERSTATE,70,A,261.63,3/21/2018,1500.0,PDO,ON,NON-INTERSECTION,2,CURVE ON-GRADE,DRY,DAYLIGHT,39.73085,-105.170421,67,M,NO IMPAIRMENT SUSPECTED
INTERSTATE,70,A,288.21,3/23/2018,1115.0,PDO,OFF RIGHT,NON-INTERSECTION,1,STRAIGHT ON-LEVEL,DRY,DAYLIGHT,39.740772,-104.733333,16,F,NO IMPAIRMENT SUSPECTED
INTERSTATE,70,A,298.1,3/23/2018,1142.0,INJ,ON,NON-INTERSECTION,6,STRAIGHT ON-LEVEL,DRY,DAYLIGHT,39.739147,-104.550079,66,M,NO IMPAIRMENT SUSPECTED
INTERSTATE,70,A,297.0,3/23/2018,1833.0,PDO,ON,NON-INTERSECTION,1,STRAIGHT ON-LEVEL,DRY,DAYLIGHT,39.739484,-104.5705,41,M,NO IMPAIRMENT SUSPECTED
INTERSTATE,70,A,242.0,3/24/2018,202.0,PDO,OFF RIGHT,NON-INTERSECTION,1,STRAIGHT ON-LEVEL,DRY,DARK-LIGHTED,39.743855,-105.480957,24,F,ALCOHOL INVOLVED
INTERSTATE,70,A,246.3,3/24/2018,630.0,PDO,ON,NON-INTERSECTION,2,CURVE ON-GRADE,DRY,DAYLIGHT,39.722842,-105.414896,38,M,NO IMPAIRMENT SUSPECTED
INTERSTATE,70,A,241.0,3/24/2018,840.0,PDO,ON,NON-INTERSECTION,2,STRAIGHT ON-LEVEL,DRY,DAYLIGHT,39.741215,-105.495956,16,M,NO IMPAIRMENT SUSPECTED
INTERSTATE,70,A,260.29,3/24/2018,1308.0,INJ,ON,NON-INTERSECTION,2,CURVE ON-GRADE,DRY,DAYLIGHT,39.717907,-105.189544,0,,NO IMPAIRMENT SUSPECTED
INTERSTATE,70,A,228.2,3/25/2018,1500.0,PDO,ON,NON-INTERSECTION,2,STRAIGHT ON-GRADE,DRY,DAYLIGHT,39.720049,-105.695828,57,F,NO IMPAIRMENT SUSPECTED
INTERSTATE,70,A,241.0,3/26/2018,2010.0,PDO,ON,NON-INTERSECTION,3,CURVE ON-LEVEL,SNOWY,DAYLIGHT,39.741215,-105.495956,55,M,NO IMPAIRMENT SUSPECTED
INTERSTATE,70,A,243.0,3/26/2018,2232.0,PDO,ON,NON-INTERSECTION,3,STRAIGHT ON-LEVEL,SNOWY,DARK-UNLIGHTED,39.746291,-105.460542,20,F,NO IMPAIRMENT SUSPECTED
INTERSTATE,70,A,296.0,3/27/2018,132.0,PDO,ON,NON-INTERSECTION,2,STRAIGHT ON-LEVEL,WET,DARK-UNLIGHTED,39.739718,-104.58886,24,M,NO IMPAIRMENT SUSPECTED
INTERSTATE,70,A,242.0,3/27/2018,600.0,INJ,OFF RIGHT,NON-INTERSECTION,1,STRAIGHT ON-LEVEL,ICY,DAYLIGHT,39.743855,-105.480957,38,M,NO IMPAIRMENT SUSPECTED
INTERSTATE,70,A,305.09,3/27/2018,650.0,PDO,OFF LEFT,NON-INTERSECTION,1,STRAIGHT ON-LEVEL,ICY,DARK-UNLIGHTED,39.738081,-104.419716,42,M,NO IMPAIRMENT SUSPECTED
INTERSTATE,70,A,238.36,3/27/2018,829.0,PDO,ON,NON-INTERSECTION,2,CURVE ON-LEVEL,WET,DAYLIGHT,39.74682,-105.543692,31,M,NO IMPAIRMENT SUSPECTED
INTERSTATE,70,A,238.35,3/27/2018,832.0,PDO,ON,NON-INTERSECTION,2,CURVE ON-LEVEL,WET,DAYLIGHT,39.746871,-105.543854,19,M,NO IMPAIRMENT SUSPECTED
INTERSTATE,70,A,228.15,3/28/2018,2221.0,PDO,OFF LEFT,NON-INTERSECTION,1,STRAIGHT ON-GRADE,ICY,DARK-UNLIGHTED,39.719275,-105.695946,17,M,NO IMPAIRMENT SUSPECTED
INTERSTATE,70,A,315.3,3/29/2018,603.0,PDO,ON,NON-INTERSECTION,2,STRAIGHT ON-LEVEL,WET,DARK-UNLIGHTED,39.718307,-104.232942,48,M,NO IMPAIRMENT SUSPECTED
INTERSTATE,70,A,240.0,3/29/2018,850.0,PDO,ON,NON-INTERSECTION,2,STRAIGHT ON-LEVEL,DRY,DAYLIGHT,39.741308,-105.513778,20,M,NO IMPAIRMENT SUSPECTED
INTERSTATE,70,A,289.14,3/29/2018,1720.0,PDO,ON,RAMP,3,STRAIGHT ON-LEVEL,WET,DAYLIGHT,39.740134,-104.716223,24,F,NO IMPAIRMENT SUSPECTED
INTERSTATE,70,A,247.01,3/29/2018,1825.0,PDO,ON,NON-INTERSECTION,1,CURVE ON-GRADE,WET,DAYLIGHT,39.719099,-105.401926,27,F,NO IMPAIRMENT SUSPECTED
INTERSTATE,70,A,307.4,3/30/2018,545.0,INJ,OFF RIGHT,NON-INTERSECTION,1,CURVE ON-GRADE,DRY,DAYLIGHT,39.732865,-104.377488,49,M,NO IMPAIRMENT SUSPECTED
INTERSTATE,70,A,293.0,3/31/2018,710.0,PDO,OFF LEFT,NON-INTERSECTION,1,CURVE ON-LEVEL,DRY,DAWN OR DUSK,39.738611,-104.644946,0,,NO IMPAIRMENT SUSPECTED
INTERSTATE,70,A,302.0,3/31/2018,815.0,PDO,OFF LEFT,NON-INTERSECTION,1,STRAIGHT ON-LEVEL,DRY,DAYLIGHT,39.738212,-104.477099,66,M,NO IMPAIRMENT SUSPECTED
INTERSTATE,70,A,230.5,4/2/2018,0.0,PDO,OFF LEFT,NON-INTERSECTION,1,STRAIGHT ON-LEVEL,DRY,DARK-UNLIGHTED,39.746633,-105.675263,58,F,NO IMPAIRMENT SUSPECTED
INTERSTATE,70,A,295.7,4/2/2018,530.0,INJ,ON,NON-INTERSECTION,2,STRAIGHT ON-LEVEL,DRY,DARK-UNLIGHTED,39.739788,-104.594368,69,M,NO IMPAIRMENT SUSPECTED
INTERSTATE,70,A,245.1,4/2/2018,550.0,PDO,ON,NON-INTERSECTION,2,STRAIGHT ON-GRADE,DRY,DAWN OR DUSK,39.736441,-105.430189,0,U,NO IMPAIRMENT SUSPECTED
INTERSTATE,70,A,259.81,4/2/2018,712.0,PDO,ON,RAMP,2,CURVE ON-LEVEL,DRY,DAYLIGHT,39.712453,-105.193853,51,M,NO IMPAIRMENT SUSPECTED
INTERSTATE,70,A,289.39,4/2/2018,816.0,PDO,OFF LEFT,NON-INTERSECTION,1,CURVE ON-LEVEL,DRY,DAYLIGHT,39.740132,-104.711868,42,M,NO IMPAIRMENT SUSPECTED
INTERSTATE,70,A,262.8,4/4/2018,1528.0,PDO,ON,NON-INTERSECTION,2,STRAIGHT ON-LEVEL,DRY,DAYLIGHT,39.742105,-105.156266,22,M,NO IMPAIRMENT SUSPECTED
INTERSTATE,70,A,228.6,4/6/2018,2149.0,INJ,ON,RAMP,2,STRAIGHT ON-LEVEL,SNOWY,DARK-UNLIGHTED,39.725462,-105.694373,61,M,ALCOHOL INVOLVED
INTERSTATE,70,A,228.1,4/6/2018,2205.0,INJ,ON,NON-INTERSECTION,2,STRAIGHT ON-GRADE,ICY,DARK-LIGHTED,39.718502,-105.696065,0,U,NO IMPAIRMENT SUSPECTED
INTERSTATE,70,A,289.16,4/10/2018,507.0,INJ,ON,AT INTERSECTION,2,STRAIGHT ON-LEVEL,DRY,DARK-LIGHTED,39.740135,-104.715894,34,M,NO IMPAIRMENT SUSPECTED
INTERSTATE,70,A,291.0,4/13/2018,2010.0,PDO,ON,NON-INTERSECTION,2,STRAIGHT ON-LEVEL,DRY,DARK-LIGHTED,39.740037,-104.682376,29,M,NO IMPAIRMENT SUSPECTED
INTERSTATE,70,A,242.75,4/14/2018,2233.0,PDO,OFF LEFT,NON-INTERSECTION,1,STRAIGHT ON-LEVEL,DRY,DARK-UNLIGHTED,39.746248,-105.465723,22,M,ALCOHOL INVOLVED
INTERSTATE,70,A,252.4,4/15/2018,940.0,INJ,OFF RIGHT,NON-INTERSECTION,1,CURVE ON-GRADE,DRY,DAYLIGHT,39.713081,-105.314528,30,M,NO IMPAIRMENT SUSPECTED
INTERSTATE,70,A,261.01,4/16/2018,1715.0,PDO,ON,NON-INTERSECTION,2,STRAIGHT ON-GRADE,DRY,DAYLIGHT,39.724988,-105.179612,16,F,NO IMPAIRMENT SUSPECTED
INTERSTATE,70,A,293.1,4/18/2018,1440.0,INJ,OFF LEFT,NON-INTERSECTION,2,STRAIGHT ON-GRADE,DRY,DAYLIGHT,39.738406,-104.643247,31,F,NO IMPAIRMENT SUSPECTED
INTERSTATE,70,A,247.6,4/19/2018,1400.0,PDO,OFF RIGHT,AT INTERSECTION,1,STRAIGHT ON-GRADE,DRY,DAYLIGHT,39.715335,-105.391639,26,M,NO IMPAIRMENT SUSPECTED
INTERSTATE,70,A,259.95,4/20/2018,730.0,PDO,ON,RAMP,2,CURVE ON-GRADE,DRY,DAYLIGHT,39.714018,-105.192655,20,F,NO IMPAIRMENT SUSPECTED
INTERSTATE,70,A,260.1,4/20/2018,1350.0,PDO,ON,NON-INTERSECTION,2,STRAIGHT ON-GRADE,DRY,DAYLIGHT,39.71569,-105.191362,0,,NO IMPAIRMENT SUSPECTED
INTERSTATE,70,A,253.3,4/21/2018,334.0,PDO,OFF RIGHT,NON-INTERSECTION,1,STRAIGHT ON-GRADE,WET W/VIS ICY ROAD TREATMENT,DARK-UNLIGHTED,39.711111,-105.298789,47,M,RX/MEDICATION/DRUGS
INTERSTATE,70,A,305.0,4/21/2018,430.0,PDO,OFF LEFT,NON-INTERSECTION,1,STRAIGHT ON-GRADE,SLUSHY,DARK-UNLIGHTED,39.738085,-104.421388,41,M,NO IMPAIRMENT SUSPECTED
INTERSTATE,70,A,297.0,4/21/2018,656.0,PDO,OFF RIGHT,NON-INTERSECTION,1,STRAIGHT ON-LEVEL,SLUSHY,DAYLIGHT,39.739484,-104.5705,31,F,NO IMPAIRMENT SUSPECTED
INTERSTATE,70,A,242.0,4/22/2018,1410.0,PDO,ON,NON-INTERSECTION,2,STRAIGHT ON-LEVEL,DRY,DAYLIGHT,39.743855,-105.480957,18,M,NO IMPAIRMENT SUSPECTED
INTERSTATE,70,A,261.9,4/24/2018,445.0,PDO,OFF RIGHT,NON-INTERSECTION,1,STRAIGHT ON-GRADE,WET,DAWN OR DUSK,39.733421,-105.167182,26,F,NO IMPAIRMENT SUSPECTED
INTERSTATE,70,A,263.0,4/24/2018,1626.0,INJ,ON,NON-INTERSECTION,2,STRAIGHT ON-LEVEL,WET,DAYLIGHT,39.744123,-105.153749,60,M,NO IMPAIRMENT SUSPECTED
INTERSTATE,70,A,253.03,4/24/2018,1744.0,PDO,OFF LEFT,NON-INTERSECTION,1,STRAIGHT ON-GRADE,SNOWY W/VIS ICY ROAD TREATMENT,DAYLIGHT,39.712357,-105.303592,29,M,NO IMPAIRMENT SUSPECTED
INTERSTATE,70,A,289.03,4/24/2018,1830.0,PDO,ON,NON-INTERSECTION,2,STRAIGHT ON-LEVEL,DRY,DAYLIGHT,39.74013,-104.718033,0,U,NO IMPAIRMENT SUSPECTED
INTERSTATE,70,A,288.49,4/25/2018,715.0,PDO,ON,NON-INTERSECTION,2,STRAIGHT ON-LEVEL,DRY,DAYLIGHT,39.740107,-104.726915,16,M,NO IMPAIRMENT SUSPECTED
FRONTAGE ROAD,70,A,289.28,4/26/2018,619.0,INJ,ON,AT INTERSECTION,2,STRAIGHT ON-LEVEL,DRY,DAYLIGHT,39.740138,-104.713883,34,M,NO IMPAIRMENT SUSPECTED
INTERSTATE,70,A,259.6,4/27/2018,435.0,PDO,ON,NON-INTERSECTION,1,STRAIGHT ON-GRADE,DRY,DARK-UNLIGHTED,39.709828,-105.195844,31,M,NO IMPAIRMENT SUSPECTED
INTERSTATE,70,A,253.25,4/28/2018,22.0,INJ,OFF RIGHT,NON-INTERSECTION,2,STRAIGHT ON-GRADE,DRY,DARK-UNLIGHTED,39.711342,-105.299678,27,M,NO IMPAIRMENT SUSPECTED
INTERSTATE,70,A,252.52,4/28/2018,1810.0,INJ,OFF RIGHT,NON-INTERSECTION,1,CURVE ON-GRADE,DRY,DAYLIGHT,39.713993,-105.312705,20,M,NO IMPAIRMENT SUSPECTED
INTERSTATE,70,A,253.99,4/29/2018,1730.0,PDO,ON,NON-INTERSECTION,2,STRAIGHT ON-GRADE,DRY,DAYLIGHT,39.709023,-105.286326,34,M,NO IMPAIRMENT SUSPECTED
INTERSTATE,70,A,297.2,4/30/2018,720.0,INJ,ON,NON-INTERSECTION,2,STRAIGHT ON-LEVEL,DRY,DAYLIGHT,39.739436,-104.566828,37,F,NO IMPAIRMENT SUSPECTED
INTERSTATE,70,A,307.1,5/1/2018,705.0,PDO,ON,NON-INTERSECTION,1,STRAIGHT ON-GRADE,DRY,DAYLIGHT,39.733712,-104.382976,53,M,NO IMPAIRMENT SUSPECTED
INTERSTATE,70,A,262.0,5/1/2018,1107.0,PDO,ON,NON-INTERSECTION,2,STRAIGHT ON-LEVEL,DRY,DAYLIGHT,39.734373,-105.165983,51,M,NO IMPAIRMENT SUSPECTED
INTERSTATE,70,A,245.04,5/2/2018,945.0,PDO,OFF LEFT,NON-INTERSECTION,1,CURVE ON-GRADE,WET,DAYLIGHT,39.737184,-105.430803,42,M,NO IMPAIRMENT SUSPECTED
INTERSTATE,70,A,153.9,5/3/2018,645.0,PDO,ON,NON-INTERSECTION,1,CURVE ON-GRADE,WET,DAYLIGHT,39.710715,-106.711504,24,M,NO IMPAIRMENT SUSPECTED
INTERSTATE,70,A,247.1,5/3/2018,645.0,PDO,OFF RIGHT,NON-INTERSECTION,1,CURVE ON-GRADE,SLUSHY,DAWN OR DUSK,39.718186,-105.400367,65,M,NO IMPAIRMENT SUSPECTED
INTERSTATE,70,A,288.5,5/3/2018,715.0,PDO,OFF LEFT,RAMP,1,CURVE ON-GRADE,WET,DAYLIGHT,39.740108,-104.72675,17,M,NO IMPAIRMENT SUSPECTED
INTERSTATE,70,A,243.2,5/3/2018,855.0,PDO,ON,NON-INTERSECTION,2,CURVE ON-LEVEL,DRY,DAYLIGHT,39.744888,-105.457318,40,M,NO IMPAIRMENT SUSPECTED
INTERSTATE,70,A,153.5,5/4/2018,1140.0,PDO,ON,NON-INTERSECTION,2,STRAIGHT ON-LEVEL,DRY,DAYLIGHT,39.708025,-106.718361,46,F,NO IMPAIRMENT SUSPECTED
INTERSTATE,70,A,292.0,5/4/2018,1451.0,PDO,ON,NON-INTERSECTION,2,STRAIGHT ON-LEVEL,DRY,DAYLIGHT,39.740176,-104.664077,63,M,RX/MEDICATION/DRUGS
INTERSTATE,70,A,292.0,5/4/2018,1512.0,PDO,ON,NON-INTERSECTION,2,STRAIGHT ON-LEVEL,DRY,DAYLIGHT,39.740176,-104.664077,32,F,NO IMPAIRMENT SUSPECTED
INTERSTATE,70,A,289.75,5/5/2018,330.0,PDO,ON,NON-INTERSECTION,2,STRAIGHT ON-LEVEL,DRY,DARK-UNLIGHTED,39.740111,-104.705273,51,M,NO IMPAIRMENT SUSPECTED
INTERSTATE,70,A,230.07,5/7/2018,1545.0,INJ,OFF LEFT,NON-INTERSECTION,1,CURVE ON-LEVEL,DRY,DAYLIGHT,39.743477,-105.682043,52,M,NO IMPAIRMENT SUSPECTED
INTERSTATE,70,A,313.0,5/8/2018,1100.0,PDO,OFF LEFT,NON-INTERSECTION,1,STRAIGHT ON-GRADE,DRY,DAYLIGHT,39.728312,-104.273081,74,M,NO IMPAIRMENT SUSPECTED
INTERSTATE,70,A,263.09,5/8/2018,1438.0,INJ,ON,NON-INTERSECTION,2,STRAIGHT ON-LEVEL,DRY,DAYLIGHT,39.745177,-105.152565,40,F,NO IMPAIRMENT SUSPECTED
INTERSTATE,70,A,289.0,5/11/2018,1002.0,PDO,ON,NON-INTERSECTION,2,STRAIGHT ON-LEVEL,DRY,DAYLIGHT,39.740128,-104.718526,54,M,NO IMPAIRMENT SUSPECTED
INTERSTATE,70,A,259.71,5/11/2018,2323.0,PDO,OFF RIGHT,NON-INTERSECTION,1,STRAIGHT ON-GRADE,WET,DARK-LIGHTED,39.711289,-105.194715,32,F,NO IMPAIRMENT SUSPECTED
INTERSTATE,70,A,249.3,5/13/2018,21.0,INJ,OFF RIGHT,NON-INTERSECTION,1,STRAIGHT ON-GRADE,WET,DARK-UNLIGHTED,39.712303,-105.362614,22,F,NO IMPAIRMENT SUSPECTED
INTERSTATE,70,A,247.9,5/13/2018,734.0,PDO,OFF LEFT,NON-INTERSECTION,1,STRAIGHT ON-GRADE,WET,DAYLIGHT,39.715701,-105.385588,37,M,NO IMPAIRMENT SUSPECTED
INTERSTATE,70,A,238.71,5/15/2018,328.0,PDO,ON,RAMP,2,STRAIGHT ON-LEVEL,DRY,DARK-LIGHTED,39.745025,-105.538159,64,M,NO IMPAIRMENT SUSPECTED
INTERSTATE,70,A,153.7,5/15/2018,620.0,PDO,OFF RIGHT,NON-INTERSECTION,1,CURVE ON-LEVEL,DRY,DAYLIGHT,39.70995,-106.715141,32,F,NO IMPAIRMENT SUSPECTED
INTERSTATE,70,A,240.0,5/17/2018,1326.0,PDO,ON,NON-INTERSECTION,2,STRAIGHT ON-LEVEL,DRY,DAYLIGHT,39.741308,-105.513778,28,M,NO IMPAIRMENT SUSPECTED
INTERSTATE,70,A,261.5,5/17/2018,1520.0,PDO,ON,NON-INTERSECTION,2,STRAIGHT ON-GRADE,DRY,DAYLIGHT,39.729498,-105.172306,74,M,NO IMPAIRMENT SUSPECTED
INTERSTATE,70,A,238.97,5/20/2018,1816.0,PDO,OFF LEFT,NON-INTERSECTION,1,STRAIGHT ON-LEVEL,WET,DAYLIGHT,39.743781,-105.533208,19,F,NO IMPAIRMENT SUSPECTED
INTERSTATE,70,A,290.0,5/22/2018,1000.0,PDO,ON,NON-INTERSECTION,2,STRAIGHT ON-LEVEL,DRY,DAYLIGHT,39.740096,-104.700694,0,,NO IMPAIRMENT SUSPECTED
INTERSTATE,70,A,247.0,5/23/2018,215.0,PDO,ON,NON-INTERSECTION,3,STRAIGHT ON-GRADE,DRY,DARK-UNLIGHTED,39.719178,-105.402112,40,M,NO IMPAIRMENT SUSPECTED
INTERSTATE,70,A,262.58,5/24/2018,1739.0,PDO,ON,NON-INTERSECTION,2,STRAIGHT ON-LEVEL,DRY,DAYLIGHT,39.739896,-105.159024,50,M,NO IMPAIRMENT SUSPECTED
INTERSTATE,70,A,292.0,5/25/2018,1405.0,PDO,ON,NON-INTERSECTION,2,STRAIGHT ON-LEVEL,DRY,DAYLIGHT,39.740176,-104.664077,0,,NO IMPAIRMENT SUSPECTED
INTERSTATE,70,A,263.09,5/25/2018,1650.0,INJ,ON,NON-INTERSECTION,2,STRAIGHT ON-GRADE,DRY,DAYLIGHT,39.745177,-105.152565,42,M,NO IMPAIRMENT SUSPECTED
INTERSTATE,70,A,241.8,5/26/2018,948.0,PDO,ON,NON-INTERSECTION,3,STRAIGHT ON-LEVEL,DRY,DAYLIGHT,39.744034,-105.484384,29,M,NO IMPAIRMENT SUSPECTED
INTERSTATE,70,A,245.19,5/26/2018,1210.0,PDO,ON,NON-INTERSECTION,2,STRAIGHT ON-GRADE,DRY,DAYLIGHT,39.735328,-105.429269,72,M,NO IMPAIRMENT SUSPECTED
INTERSTATE,70,A,246.0,5/26/2018,1340.0,PDO,ON,NON-INTERSECTION,2,STRAIGHT ON-GRADE,DRY,DAYLIGHT,39.725703,-105.420643,56,F,NO IMPAIRMENT SUSPECTED
INTERSTATE,70,A,316.0,5/26/2018,1415.0,PDO,OFF RIGHT,NON-INTERSECTION,1,STRAIGHT ON-LEVEL,DRY,DAYLIGHT,39.715201,-104.22057,46,M,NO IMPAIRMENT SUSPECTED
INTERSTATE,70,A,309.0,5/28/2018,1539.0,PDO,OFF RIGHT,NON-INTERSECTION,1,STRAIGHT ON-LEVEL,WET,DAYLIGHT,39.733891,-104.348119,23,F,NO IMPAIRMENT SUSPECTED
INTERSTATE,70,A,249.85,5/30/2018,0.0,PDO,ON,NON-INTERSECTION,1,STRAIGHT ON-LEVEL,DRY,DARK-UNLIGHTED,39.711231,-105.352479,31,M,NO IMPAIRMENT SUSPECTED
INTERSTATE,70,A,250.15,5/30/2018,20.0,PDO,ON,NON-INTERSECTION,1,STRAIGHT ON-LEVEL,DRY,DARK-UNLIGHTED,39.708528,-105.347932,58,M,NO IMPAIRMENT SUSPECTED
INTERSTATE,70,A,242.5,5/30/2018,600.0,PDO,ON,NON-INTERSECTION,1,CURVE ON-LEVEL,DRY,DAYLIGHT,39.745222,-105.47048,44,M,NO IMPAIRMENT SUSPECTED
INTERSTATE,70,A,252.98,5/30/2018,1440.0,INJ,OFF IN MEDIAN,NON-INTERSECTION,3,STRAIGHT ON-GRADE,DRY,DAYLIGHT,39.712588,-105.304481,57,M,NO IMPAIRMENT SUSPECTED
INTERSTATE,70,A,252.97,5/30/2018,1442.0,INJ,ON,NON-INTERSECTION,2,STRAIGHT ON-GRADE,DRY,DAYLIGHT,39.712634,-105.304659,25,F,NO IMPAIRMENT SUSPECTED
INTERSTATE,70,A,259.7,5/31/2018,1518.0,PDO,ON,NON-INTERSECTION,2,STRAIGHT ON-GRADE,DRY,DAYLIGHT,39.711156,-105.194818,68,F,NO IMPAIRMENT SUSPECTED
INTERSTATE,70,A,262.0,6/1/2018,1252.0,PDO,ON,NON-INTERSECTION,2,STRAIGHT ON-LEVEL,DRY,DAYLIGHT,39.734373,-105.165983,0,,NO IMPAIRMENT SUSPECTED
INTERSTATE,70,A,314.1,6/1/2018,1930.0,INJ,ON,NON-INTERSECTION,2,STRAIGHT ON-LEVEL,DRY,DAWN OR DUSK,39.723514,-104.25394,56,M,NO IMPAIRMENT SUSPECTED
INTERSTATE,70,A,261.5,6/1/2018,1941.0,PDO,ON,NON-INTERSECTION,2,CURVE ON-LEVEL,DRY,DAYLIGHT,39.729498,-105.172306,45,M,NO IMPAIRMENT SUSPECTED
INTERSTATE,70,A,296.2,6/1/2018,2110.0,PDO,ON,NON-INTERSECTION,2,STRAIGHT ON-LEVEL,DRY,DARK-UNLIGHTED,39.739671,-104.585188,63,F,NO IMPAIRMENT SUSPECTED
INTERSTATE,70,A,302.0,6/2/2018,400.0,INJ,ON,NON-INTERSECTION,2,STRAIGHT ON-LEVEL,DRY,DARK-UNLIGHTED,39.738212,-104.477099,45,M,ALCOHOL INVOLVED
INTERSTATE,70,A,245.7,6/2/2018,1220.0,PDO,ON,NON-INTERSECTION,1,CURVE ON-GRADE,DRY,DAYLIGHT,39.728988,-105.42438,46,M,NO IMPAIRMENT SUSPECTED
INTERSTATE,70,A,227.6,6/3/2018,1055.0,PDO,ON,NON-INTERSECTION,2,CURVE ON-GRADE,DRY,DAYLIGHT,39.710905,-105.697271,92,M,NO IMPAIRMENT SUSPECTED
INTERSTATE,70,A,242.0,6/3/2018,1452.0,INJ,ON,NON-INTERSECTION,2,STRAIGHT ON-LEVEL,DRY,DAYLIGHT,39.743855,-105.480957,60,M,NO IMPAIRMENT SUSPECTED
FRONTAGE ROAD,70,A,288.2,6/4/2018,325.0,FAT,OFF AT TEE,AT INTERSECTION,1,STRAIGHT ON-LEVEL,DRY,DARK-UNLIGHTED,39.740222,-104.734861,46,M,RX/MEDICATION/DRUGS
INTERSTATE,70,A,244.6,6/4/2018,1130.0,INJ,OFF LEFT,NON-INTERSECTION,1,CURVE ON-GRADE,DRY,DAYLIGHT,39.743377,-105.433465,74,M,NO IMPAIRMENT SUSPECTED
INTERSTATE,70,A,261.88,6/4/2018,1428.0,PDO,ON,NON-INTERSECTION,2,STRAIGHT ON-LEVEL,DRY,DAYLIGHT,39.73323,-105.167422,28,M,NO IMPAIRMENT SUSPECTED
INTERSTATE,70,A,260.0,6/4/2018,1800.0,PDO,ON,NON-INTERSECTION,2,STRAIGHT ON-LEVEL,DRY,DAYLIGHT,39.714575,-105.192224,22,M,NO IMPAIRMENT SUSPECTED
INTERSTATE,70,A,292.5,6/5/2018,730.0,INJ,OFF LEFT,NON-INTERSECTION,1,CURVE ON-GRADE,DRY,DAYLIGHT,39.739746,-104.654376,55,M,NO IMPAIRMENT SUSPECTED
INTERSTATE,70,A,259.5,6/6/2018,13.0,PDO,ON,NON-INTERSECTION,1,STRAIGHT ON-GRADE,DRY,DARK-LIGHTED,39.708499,-105.196871,24,F,NO IMPAIRMENT SUSPECTED
INTERSTATE,70,A,260.15,6/6/2018,915.0,PDO,ON,NON-INTERSECTION,2,STRAIGHT ON-GRADE,DRY,DAYLIGHT,39.716247,-105.190931,44,M,NO IMPAIRMENT SUSPECTED
FRONTAGE ROAD,70,A,289.28,6/6/2018,1530.0,PDO,ON,AT INTERSECTION,2,STRAIGHT ON-LEVEL,DRY,DAYLIGHT,39.740138,-104.713883,70,M,NO IMPAIRMENT SUSPECTED
INTERSTATE,70,A,228.03,6/6/2018,2345.0,PDO,ON,NON-INTERSECTION,1,STRAIGHT ON-LEVEL,DRY,DARK-UNLIGHTED,39.717419,-105.696231,28,F,NO IMPAIRMENT SUSPECTED
INTERSTATE,70,A,302.2,6/7/2018,1730.0,PDO,OFF LEFT,NON-INTERSECTION,1,STRAIGHT ON-LEVEL,DRY,DAYLIGHT,39.738204,-104.473384,33,F,NO IMPAIRMENT SUSPECTED
INTERSTATE,70,A,254.09,6/8/2018,49.0,PDO,ON,NON-INTERSECTION,1,STRAIGHT ON-GRADE,DRY,DARK-UNLIGHTED,39.708918,-105.284498,68,M,NO IMPAIRMENT SUSPECTED
INTERSTATE,70,A,249.0,6/8/2018,550.0,PDO,ON,NON-INTERSECTION,1,CURVE ON-LEVEL,DRY,DAWN OR DUSK,39.713418,-105.367857,50,M,NO IMPAIRMENT SUSPECTED
INTERSTATE,70,A,242.0,6/8/2018,1143.0,INJ,ON,NON-INTERSECTION,2,STRAIGHT ON-LEVEL,DRY,DAYLIGHT,39.743855,-105.480957,21,M,NO IMPAIRMENT SUSPECTED
INTERSTATE,70,A,290.0,6/8/2018,1945.0,PDO,ON,NON-INTERSECTION,2,STRAIGHT ON-LEVEL,DRY,DAYLIGHT,39.740096,-104.700694,0,,NO IMPAIRMENT SUSPECTED
INTERSTATE,70,A,248.7,6/10/2018,1411.0,PDO,ON,NON-INTERSECTION,2,CURVE ON-GRADE,DRY,DAYLIGHT,39.71554,-105.372108,0,,NO IMPAIRMENT SUSPECTED
INTERSTATE,70,A,310.17,6/11/2018,1551.0,PDO,ON,AT INTERSECTION,2,STRAIGHT ON-GRADE,DRY,DAYLIGHT,39.734119,-104.325782,53,F,NO IMPAIRMENT SUSPECTED
INTERSTATE,70,A,154.3,6/12/2018,806.0,PDO,ON,NON-INTERSECTION,2,CURVE ON-LEVEL,DRY,DAYLIGHT,39.711287,-106.705126,0,U,NO IMPAIRMENT SUSPECTED
INTERSTATE,70,A,292.5,6/13/2018,1644.0,PDO,ON,NON-INTERSECTION,2,STRAIGHT ON-LEVEL,DRY,DAYLIGHT,39.739746,-104.654376,16,M,NO IMPAIRMENT SUSPECTED
INTERSTATE,70,A,262.57,6/13/2018,1930.0,PDO,ON,AT INTERSECTION,2,STRAIGHT ON-LEVEL,DRY,DAYLIGHT,39.739801,-105.159144,55,M,NO IMPAIRMENT SUSPECTED
INTERSTATE,70,A,291.0,6/14/2018,1543.0,PDO,ON,NON-INTERSECTION,2,STRAIGHT ON-LEVEL,DRY,DAYLIGHT,39.740037,-104.682376,0,,NO IMPAIRMENT SUSPECTED
INTERSTATE,70,A,238.1,6/15/2018,1920.0,PDO,ON,NON-INTERSECTION,2,STRAIGHT ON-LEVEL,DRY,DAYLIGHT,39.748676,-105.547626,53,M,NO IMPAIRMENT SUSPECTED
INTERSTATE,70,A,262.58,6/16/2018,1147.0,PDO,ON,RAMP,2,STRAIGHT ON-LEVEL,DRY,DAYLIGHT,39.739896,-105.159024,45,M,NO IMPAIRMENT SUSPECTED
INTERSTATE,70,A,241.0,6/16/2018,1610.0,PDO,ON,NON-INTERSECTION,1,STRAIGHT ON-LEVEL,ICY,DAYLIGHT,39.741215,-105.495956,53,M,NO IMPAIRMENT SUSPECTED
INTERSTATE,70,A,240.5,6/17/2018,2000.0,PDO,OFF RIGHT,NON-INTERSECTION,1,CURVE ON-LEVEL,WET,DAYLIGHT,39.740321,-105.504953,28,M,NO IMPAIRMENT SUSPECTED
INTERSTATE,70,A,305.0,6/18/2018,230.0,PDO,OFF LEFT,NON-INTERSECTION,1,STRAIGHT ON-LEVEL,WET,DARK-UNLIGHTED,39.738085,-104.421388,30,M,NO IMPAIRMENT SUSPECTED
INTERSTATE,70,A,262.56,6/18/2018,842.0,PDO,ON,RAMP,2,CURVE ON-GRADE,DRY,DAYLIGHT,39.739705,-105.159264,23,F,NO IMPAIRMENT SUSPECTED
INTERSTATE,70,A,244.3,6/19/2018,1130.0,INJ,OFF RIGHT,NON-INTERSECTION,1,CURVE ON-GRADE,DRY,DAYLIGHT,39.745618,-105.438452,61,F,NO IMPAIRMENT SUSPECTED
INTERSTATE,70,A,296.55,6/19/2018,1420.0,PDO,ON,NON-INTERSECTION,2,STRAIGHT ON-LEVEL,DRY,DAYLIGHT,39.739589,-104.578762,28,M,NO IMPAIRMENT SUSPECTED
INTERSTATE,70,A,306.5,6/20/2018,950.0,PDO,ON,NON-INTERSECTION,2,STRAIGHT ON-LEVEL,DRY,DAYLIGHT,39.735435,-104.394007,38,M,NO IMPAIRMENT SUSPECTED
INTERSTATE,70,A,245.47,6/20/2018,1047.0,INJ,ON,NON-INTERSECTION,1,CURVE ON-GRADE,DRY,DAYLIGHT,39.731667,-105.426893,39,F,NO IMPAIRMENT SUSPECTED
INTERSTATE,70,A,262.57,6/22/2018,344.0,PDO,ON,NON-INTERSECTION,1,STRAIGHT ON-LEVEL,DRY,DARK-UNLIGHTED,39.739801,-105.159144,59,M,NO IMPAIRMENT SUSPECTED
INTERSTATE,70,A,246.3,6/22/2018,1058.0,PDO,ON,NON-INTERSECTION,2,STRAIGHT ON-GRADE,DRY,DAYLIGHT,39.722842,-105.414896,50,F,NO IMPAIRMENT SUSPECTED
INTERSTATE,70,A,261.0,6/23/2018,548.0,PDO,ON,NON-INTERSECTION,1,STRAIGHT ON-LEVEL,DRY,DAWN OR DUSK,39.724894,-105.179757,40,M,NO IMPAIRMENT SUSPECTED
INTERSTATE,70,A,239.0,6/23/2018,2000.0,PDO,OFF RIGHT,NON-INTERSECTION,1,CURVE ON-GRADE,DRY,DAYLIGHT,39.743543,-105.532325,19,M,NO IMPAIRMENT SUSPECTED
INTERSTATE,70,A,262.5,6/23/2018,2245.0,PDO,ON,NON-INTERSECTION,2,STRAIGHT ON-LEVEL,DRY,DARK-UNLIGHTED,39.739134,-105.159984,20,M,ALCOHOL INVOLVED
INTERSTATE,70,A,314.1,6/24/2018,232.0,INJ,ON,NON-INTERSECTION,2,STRAIGHT ON-LEVEL,DRY,DARK-UNLIGHTED,39.723514,-104.25394,19,F,NO IMPAIRMENT SUSPECTED
INTERSTATE,70,A,310.07,6/26/2018,750.0,PDO,ON,NON-INTERSECTION,2,STRAIGHT ON-GRADE,DRY,DAYLIGHT,39.734203,-104.327591,29,M,NO IMPAIRMENT SUSPECTED
INTERSTATE,70,A,310.9,6/27/2018,520.0,PDO,ON,NON-INTERSECTION,1,STRAIGHT ON-LEVEL,DRY,DAYLIGHT,39.732736,-104.310722,43,F,NO IMPAIRMENT SUSPECTED
INTERSTATE,70,A,244.6,6/28/2018,910.0,PDO,ON,NON-INTERSECTION,2,CURVE ON-GRADE,DRY,DAYLIGHT,39.743377,-105.433465,0,U,NO IMPAIRMENT SUSPECTED
INTERSTATE,70,A,262.62,6/28/2018,1839.0,PDO,ON,NON-INTERSECTION,2,STRAIGHT ON-LEVEL,DRY,DAYLIGHT,39.740291,-105.15853,39,M,NO IMPAIRMENT SUSPECTED
INTERSTATE,70,A,244.0,6/29/2018,1514.0,PDO,ON,NON-INTERSECTION,3,STRAIGHT ON-LEVEL,DRY,DAYLIGHT,39.743474,-105.443466,55,M,NO IMPAIRMENT SUSPECTED
INTERSTATE,70,A,246.03,6/29/2018,1525.0,PDO,ON,NON-INTERSECTION,2,STRAIGHT ON-GRADE,DRY,DAYLIGHT,39.725396,-105.420076,32,M,NO IMPAIRMENT SUSPECTED
INTERSTATE,70,A,244.6,6/30/2018,1530.0,PDO,ON,NON-INTERSECTION,2,CURVE ON-GRADE,DRY,DAYLIGHT,39.743377,-105.433465,63,M,NO IMPAIRMENT SUSPECTED
INTERSTATE,70,A,243.0,6/30/2018,2150.0,PDO,ON,NON-INTERSECTION,2,STRAIGHT ON-LEVEL,DRY,DARK-UNLIGHTED,39.746291,-105.460542,57,M,NO IMPAIRMENT SUSPECTED
INTERSTATE,70,A,303.7,7/1/2018,400.0,PDO,OFF RIGHT,NON-INTERSECTION,1,STRAIGHT ON-LEVEL,DRY,DARK-UNLIGHTED,39.738143,-104.445529,46,M,NO IMPAIRMENT SUSPECTED
INTERSTATE,70,A,312.0,7/2/2018,2.0,PDO,ON,NON-INTERSECTION,2,STRAIGHT ON-LEVEL,DRY,DARK-UNLIGHTED,39.729349,-104.291095,31,M,NO IMPAIRMENT SUSPECTED
INTERSTATE,70,A,289.16,7/2/2018,28.0,PDO,ON,AT INTERSECTION,2,STRAIGHT ON-LEVEL,DRY,DARK-UNLIGHTED,39.740135,-104.715894,27,F,NO IMPAIRMENT SUSPECTED
INTERSTATE,70,A,307.0,7/4/2018,300.0,PDO,OFF RIGHT,NON-INTERSECTION,1,STRAIGHT ON-GRADE,DRY,DARK-UNLIGHTED,39.733999,-104.384815,25,F,ALCOHOL INVOLVED
INTERSTATE,70,A,260.86,7/4/2018,1751.0,PDO,OFF RIGHT,NON-INTERSECTION,1,STRAIGHT ON-GRADE,WET,DAYLIGHT,39.723578,-105.181784,33,F,NO IMPAIRMENT SUSPECTED
INTERSTATE,70,A,228.0,7/6/2018,516.0,PDO,ON,NON-INTERSECTION,1,STRAIGHT ON-GRADE,DRY,DAWN OR DUSK,39.716955,-105.696302,34,M,NO IMPAIRMENT SUSPECTED
INTERSTATE,70,A,260.0,7/6/2018,1127.0,PDO,ON,NON-INTERSECTION,1,STRAIGHT ON-LEVEL,DRY,DAYLIGHT,39.714575,-105.192224,46,F,NO IMPAIRMENT SUSPECTED
INTERSTATE,70,A,253.5,7/8/2018,1500.0,INJ,OFF LEFT,NON-INTERSECTION,1,STRAIGHT ON-GRADE,DRY,DAYLIGHT,39.710187,-105.295232,68,M,NO IMPAIRMENT SUSPECTED
INTERSTATE,70,A,241.03,7/8/2018,1536.0,INJ,OFF LEFT,RAMP,1,CURVE ON-LEVEL,DRY,DAYLIGHT,39.741586,-105.495766,50,M,NO IMPAIRMENT SUSPECTED
INTERSTATE,70,A,243.75,7/9/2018,1337.0,INJ,ON,NON-INTERSECTION,2,CURVE ON-LEVEL,DRY,DAYLIGHT,39.744468,-105.447886,44,M,NO IMPAIRMENT SUSPECTED
INTERSTATE,70,A,312.0,7/9/2018,1910.0,PDO,ON,NON-INTERSECTION,2,STRAIGHT ON-LEVEL,DRY,DAYLIGHT,39.729349,-104.291095,0,U,NO IMPAIRMENT SUSPECTED
INTERSTATE,70,A,261.6,7/10/2018,1753.0,INJ,ON,NON-INTERSECTION,12,STRAIGHT ON-LEVEL,DRY,DAYLIGHT,39.730564,-105.170781,57,M,NO IMPAIRMENT SUSPECTED
INTERSTATE,70,A,254.2,7/11/2018,619.0,PDO,ON,NON-INTERSECTION,2,CURVE ON-GRADE,DRY,DAYLIGHT,39.708504,-105.282568,39,M,NO IMPAIRMENT SUSPECTED
INTERSTATE,70,A,262.56,7/11/2018,900.0,PDO,ON,RAMP,2,CURVE ON-GRADE,DRY,DAYLIGHT,39.739705,-105.159264,87,F,NO IMPAIRMENT SUSPECTED
INTERSTATE,70,A,261.03,7/11/2018,1241.0,PDO,ON,NON-INTERSECTION,2,STRAIGHT ON-LEVEL,DRY,DAYLIGHT,39.725175,-105.179322,23,F,NO IMPAIRMENT SUSPECTED
INTERSTATE,70,A,153.5,7/11/2018,1525.0,PDO,ON,NON-INTERSECTION,1,CURVE ON-GRADE,DRY,DAYLIGHT,39.708025,-106.718361,72,M,NO IMPAIRMENT SUSPECTED
INTERSTATE,70,A,297.61,7/11/2018,1530.0,PDO,ON,NON-INTERSECTION,2,STRAIGHT ON-LEVEL,DRY,DAYLIGHT,39.739339,-104.5593,0,U,NO IMPAIRMENT SUSPECTED
INTERSTATE,70,A,261.7,7/13/2018,1230.0,PDO,OFF RIGHT,NON-INTERSECTION,1,STRAIGHT ON-GRADE,DRY,DAYLIGHT,39.731516,-105.169581,69,M,NO IMPAIRMENT SUSPECTED
INTERSTATE,70,A,154.3,7/13/2018,1605.0,PDO,ON,NON-INTERSECTION,3,CURVE ON-LEVEL,DRY,DAYLIGHT,39.711287,-106.705126,0,U,NO IMPAIRMENT SUSPECTED
INTERSTATE,70,A,305.4,7/13/2018,1640.0,INJ,OFF LEFT,NON-INTERSECTION,1,STRAIGHT ON-LEVEL,DRY,DAYLIGHT,39.738062,-104.414106,19,F,NO IMPAIRMENT SUSPECTED
INTERSTATE,70,A,252.0,7/13/2018,1722.0,PDO,ON,NON-INTERSECTION,1,STRAIGHT ON-GRADE,DRY,DAYLIGHT,39.709078,-105.319309,33,F,NO IMPAIRMENT SUSPECTED
INTERSTATE,70,A,288.48,7/14/2018,2041.0,INJ,OFF IN MEDIAN,NON-INTERSECTION,2,STRAIGHT ON-LEVEL,DRY,DAWN OR DUSK,39.740107,-104.727079,17,F,NO IMPAIRMENT SUSPECTED
INTERSTATE,70,A,260.04,7/15/2018,1813.0,PDO,OFF LEFT,NON-INTERSECTION,1,STRAIGHT ON-GRADE,WET,DAYLIGHT,39.715021,-105.191879,19,M,NO IMPAIRMENT SUSPECTED
INTERSTATE,70,A,248.23,7/15/2018,2027.0,PDO,ON,NON-INTERSECTION,1,STRAIGHT ON-GRADE,WET,DARK-UNLIGHTED,39.714627,-105.379867,44,M,NO IMPAIRMENT SUSPECTED
INTERSTATE,70,A,262.57,7/18/2018,1645.0,PDO,ON,NON-INTERSECTION,2,STRAIGHT ON-LEVEL,DRY,DAYLIGHT,39.739801,-105.159144,0,U,NO IMPAIRMENT SUSPECTED
INTERSTATE,70,A,262.5,7/18/2018,2105.0,PDO,ON,NON-INTERSECTION,2,STRAIGHT ON-GRADE,DRY,DARK-LIGHTED,39.739134,-105.159984,46,M,NO IMPAIRMENT SUSPECTED
INTERSTATE,70,A,260.5,7/19/2018,1301.0,INJ,ON,NON-INTERSECTION,2,STRAIGHT ON-GRADE,DRY,DAYLIGHT,39.720079,-105.187334,80,F,NO IMPAIRMENT SUSPECTED
INTERSTATE,70,A,242.5,7/19/2018,1854.0,PDO,ON,NON-INTERSECTION,2,CURVE ON-LEVEL,DRY,DAYLIGHT,39.745222,-105.47048,34,M,NO IMPAIRMENT SUSPECTED
INTERSTATE,70,A,262.1,7/19/2018,1920.0,PDO,ON,NON-INTERSECTION,2,STRAIGHT ON-LEVEL,DRY,DAYLIGHT,39.735325,-105.164783,26,F,NO IMPAIRMENT SUSPECTED
INTERSTATE,70,A,259.5,7/20/2018,747.0,PDO,ON,NON-INTERSECTION,1,STRAIGHT ON-GRADE,DRY,DAYLIGHT,39.708499,-105.196871,29,M,NO IMPAIRMENT SUSPECTED
INTERSTATE,70,A,296.0,7/20/2018,1720.0,INJ,OFF RIGHT,NON-INTERSECTION,1,STRAIGHT ON-LEVEL,DRY,DAYLIGHT,39.739718,-104.58886,33,F,NO IMPAIRMENT SUSPECTED
INTERSTATE,70,A,247.0,7/20/2018,2235.0,PDO,ON,NON-INTERSECTION,1,CURVE ON-GRADE,DRY,DARK-UNLIGHTED,39.719178,-105.402112,32,M,NO IMPAIRMENT SUSPECTED
INTERSTATE,70,A,247.2,7/21/2018,1143.0,PDO,ON,NON-INTERSECTION,2,STRAIGHT ON-GRADE,DRY,DAYLIGHT,39.717088,-105.398702,41,M,NO IMPAIRMENT SUSPECTED
INTERSTATE,70,A,253.5,7/22/2018,1453.0,PDO,ON,NON-INTERSECTION,2,STRAIGHT ON-GRADE,DRY,DAYLIGHT,39.710187,-105.295232,17,F,NO IMPAIRMENT SUSPECTED
INTERSTATE,70,A,260.86,7/22/2018,1543.0,PDO,ON,NON-INTERSECTION,3,STRAIGHT ON-GRADE,DRY,DAYLIGHT,39.723578,-105.181784,0,,NO IMPAIRMENT SUSPECTED
INTERSTATE,70,A,259.9,7/24/2018,1520.0,INJ,ON,NON-INTERSECTION,2,STRAIGHT ON-LEVEL,DRY,DAYLIGHT,39.713461,-105.193086,70,F,NO IMPAIRMENT SUSPECTED
INTERSTATE,70,A,239.0,7/24/2018,1750.0,PDO,OFF RIGHT,NON-INTERSECTION,1,CURVE ON-LEVEL,WET,DAYLIGHT,39.743543,-105.532325,24,F,NO IMPAIRMENT SUSPECTED
INTERSTATE,70,A,244.2,7/25/2018,1055.0,INJ,ON,NON-INTERSECTION,1,CURVE ON-GRADE,DRY,DAYLIGHT,39.745138,-105.440266,59,M,NO IMPAIRMENT SUSPECTED
INTERSTATE,70,A,298.9,7/25/2018,1650.0,INJ,ON,NON-INTERSECTION,1,STRAIGHT ON-LEVEL,DRY,DAYLIGHT,39.738832,-104.535021,44,F,NO IMPAIRMENT SUSPECTED
INTERSTATE,70,A,247.0,7/26/2018,1130.0,INJ,ON,NON-INTERSECTION,2,STRAIGHT ON-GRADE,DRY,DAYLIGHT,39.719178,-105.402112,0,U,NO IMPAIRMENT SUSPECTED
INTERSTATE,70,A,250.1,7/26/2018,2250.0,INJ,ON,NON-INTERSECTION,1,STRAIGHT ON-GRADE,DRY,DARK-UNLIGHTED,39.709095,-105.3486,49,F,NO IMPAIRMENT SUSPECTED
INTERSTATE,70,A,245.1,7/27/2018,1436.0,PDO,ON,NON-INTERSECTION,3,STRAIGHT ON-GRADE,DRY,DAYLIGHT,39.736441,-105.430189,75,F,NO IMPAIRMENT SUSPECTED
INTERSTATE,70,A,295.3,7/28/2018,230.0,PDO,ON,NON-INTERSECTION,1,STRAIGHT ON-LEVEL,DRY,DARK-UNLIGHTED,39.73988,-104.601713,58,M,NO IMPAIRMENT SUSPECTED
INTERSTATE,70,A,228.0,7/28/2018,1355.0,INJ,ON,NON-INTERSECTION,2,STRAIGHT ON-GRADE,DRY,DAYLIGHT,39.716955,-105.696302,26,M,NO IMPAIRMENT SUSPECTED
INTERSTATE,70,A,261.0,7/29/2018,1554.0,PDO,ON,NON-INTERSECTION,6,STRAIGHT ON-GRADE,DRY,DAYLIGHT,39.724894,-105.179757,35,M,NO IMPAIRMENT SUSPECTED
INTERSTATE,70,A,260.5,7/30/2018,1302.0,PDO,ON,NON-INTERSECTION,2,STRAIGHT ON-LEVEL,DRY,DAYLIGHT,39.720186,-105.186949,20,F,NO IMPAIRMENT SUSPECTED
INTERSTATE,70,A,290.0,8/1/2018,500.0,INJ,ON,NON-INTERSECTION,2,STRAIGHT ON-LEVEL,DRY,DARK-UNLIGHTED,39.740096,-104.700694,29,M,NO IMPAIRMENT SUSPECTED
INTERSTATE,70,A,260.0,8/1/2018,815.0,PDO,ON,NON-INTERSECTION,2,STRAIGHT ON-GRADE,DRY,DAYLIGHT,39.714575,-105.192224,28,M,NO IMPAIRMENT SUSPECTED
INTERSTATE,70,A,311.9,8/1/2018,910.0,PDO,ON,NON-INTERSECTION,2,CURVE ON-LEVEL,DRY,DAYLIGHT,39.729649,-104.292882,0,U,NO IMPAIRMENT SUSPECTED
INTERSTATE,70,A,240.0,8/2/2018,849.0,INJ,ON,NON-INTERSECTION,1,STRAIGHT ON-GRADE,FOREIGN MATERIAL,DAYLIGHT,39.741308,-105.513778,63,M,NO IMPAIRMENT SUSPECTED
INTERSTATE,70,A,238.29,8/2/2018,1601.0,PDO,ON,NON-INTERSECTION,2,STRAIGHT ON-GRADE,DRY,DAYLIGHT,39.74722,-105.544821,37,M,NO IMPAIRMENT SUSPECTED
INTERSTATE,70,A,310.5,8/3/2018,2020.0,PDO,OFF IN MEDIAN,NON-INTERSECTION,2,STRAIGHT ON-LEVEL,DRY,DAWN OR DUSK,39.733672,-104.317934,0,,NO IMPAIRMENT SUSPECTED
INTERSTATE,70,A,241.5,8/4/2018,941.0,PDO,ON,NON-INTERSECTION,2,STRAIGHT ON-LEVEL,DRY,DAYLIGHT,39.744411,-105.488957,23,M,NO IMPAIRMENT SUSPECTED
INTERSTATE,70,A,312.5,8/6/2018,2000.0,PDO,OFF RIGHT,NON-INTERSECTION,1,STRAIGHT ON-LEVEL,WET,DARK-UNLIGHTED,39.729565,-104.282017,24,M,NO IMPAIRMENT SUSPECTED
INTERSTATE,70,A,262.57,8/7/2018,1246.0,PDO,ON,AT INTERSECTION,2,STRAIGHT ON-GRADE,DRY,DAYLIGHT,39.739801,-105.159144,71,F,NO IMPAIRMENT SUSPECTED
INTERSTATE,70,A,243.4,8/7/2018,1414.0,PDO,ON,NON-INTERSECTION,2,CURVE ON-LEVEL,DRY,DAYLIGHT,39.743353,-105.454164,57,M,NO IMPAIRMENT SUSPECTED
INTERSTATE,70,A,245.02,8/8/2018,1806.0,INJ,ON,NON-INTERSECTION,2,STRAIGHT ON-GRADE,DRY,DAYLIGHT,39.737431,-105.431007,24,M,NO IMPAIRMENT SUSPECTED
INTERSTATE,70,A,260.6,8/10/2018,1434.0,PDO,ON,NON-INTERSECTION,2,STRAIGHT ON-LEVEL,DRY,DAYLIGHT,39.721134,-105.185544,47,M,NO IMPAIRMENT SUSPECTED
INTERSTATE,70,A,290.7,8/11/2018,2155.0,PDO,ON,NON-INTERSECTION,2,STRAIGHT ON-LEVEL,DRY,DARK-UNLIGHTED,39.740051,-104.68661,0,,NO IMPAIRMENT SUSPECTED
INTERSTATE,70,A,239.64,8/12/2018,1230.0,PDO,ON,AT INTERSECTION,2,STRAIGHT ON-GRADE,DRY,DAYLIGHT,39.740864,-105.520374,37,F,NO IMPAIRMENT SUSPECTED
INTERSTATE,70,A,288.5,8/12/2018,2130.0,PDO,OFF LEFT,NON-INTERSECTION,1,CURVE ON-LEVEL,DRY,DARK-UNLIGHTED,39.740108,-104.72675,23,M,NO IMPAIRMENT SUSPECTED
INTERSTATE,70,A,262.56,8/13/2018,1632.0,PDO,ON,NON-INTERSECTION,2,STRAIGHT ON-GRADE,DRY,DAYLIGHT,39.739705,-105.159264,31,M,NO IMPAIRMENT SUSPECTED
INTERSTATE,70,A,259.53,8/13/2018,1920.0,INJ,ON,NON-INTERSECTION,2,STRAIGHT ON-GRADE,DRY,DAYLIGHT,39.708898,-105.196563,26,F,NO IMPAIRMENT SUSPECTED
INTERSTATE,70,A,248.1,8/13/2018,2045.0,PDO,ON,NON-INTERSECTION,1,STRAIGHT ON-GRADE,DRY,DARK-UNLIGHTED,39.715032,-105.382022,32,F,NO IMPAIRMENT SUSPECTED
INTERSTATE,70,A,154.0,8/14/2018,1115.0,PDO,OFF LEFT,NON-INTERSECTION,1,STRAIGHT ON-GRADE,DRY,DAYLIGHT,39.710828,-106.709972,72,F,NO IMPAIRMENT SUSPECTED
INTERSTATE,70,A,259.81,8/15/2018,1645.0,PDO,ON,RAMP,2,STRAIGHT ON-GRADE,DRY,DAYLIGHT,39.712453,-105.193853,19,F,NO IMPAIRMENT SUSPECTED
INTERSTATE,70,A,262.58,8/16/2018,1756.0,INJ,ON,RAMP,2,CURVE ON-GRADE,DRY,DAYLIGHT,39.739896,-105.159024,17,M,NO IMPAIRMENT SUSPECTED
INTERSTATE,70,A,154.5,8/18/2018,935.0,PDO,OFF LEFT,NON-INTERSECTION,1,CURVE ON-LEVEL,WET,DAYLIGHT,39.711777,-106.701514,38,M,NO IMPAIRMENT SUSPECTED
INTERSTATE,70,A,248.5,8/18/2018,1155.0,PDO,ON,NON-INTERSECTION,3,CURVE ON-GRADE,WET,DAYLIGHT,39.715404,-105.375446,41,M,NO IMPAIRMENT SUSPECTED
INTERSTATE,70,A,243.94,8/18/2018,1256.0,PDO,ON,NON-INTERSECTION,3,CURVE ON-LEVEL,DRY,DAYLIGHT,39.743505,-105.444587,55,M,NO IMPAIRMENT SUSPECTED
INTERSTATE,70,A,242.0,8/18/2018,1425.0,INJ,ON,NON-INTERSECTION,2,STRAIGHT ON-LEVEL,WET,DAYLIGHT,39.743855,-105.480957,24,M,NO IMPAIRMENT SUSPECTED
INTERSTATE,70,A,243.9,8/19/2018,1800.0,PDO,ON,NON-INTERSECTION,2,STRAIGHT ON-LEVEL,DRY,DAYLIGHT,39.743715,-105.445296,62,M,NO IMPAIRMENT SUSPECTED
INTERSTATE,70,A,252.4,8/20/2018,1553.0,PDO,ON,NON-INTERSECTION,2,CURVE ON-LEVEL,DRY,DAYLIGHT,39.713081,-105.314528,54,M,NO IMPAIRMENT SUSPECTED
INTERSTATE,70,A,262.58,8/21/2018,836.0,PDO,ON,NON-INTERSECTION,2,STRAIGHT ON-LEVEL,DRY,DAYLIGHT,39.739896,-105.159024,22,F,NO IMPAIRMENT SUSPECTED
INTERSTATE,70,A,303.6,8/21/2018,2209.0,PDO,ON,NON-INTERSECTION,2,STRAIGHT ON-LEVEL,DRY,DARK-UNLIGHTED,39.738148,-104.447386,0,,NO IMPAIRMENT SUSPECTED
INTERSTATE,70,A,238.1,8/23/2018,2325.0,PDO,OFF RIGHT,NON-INTERSECTION,1,CURVE ON-GRADE,DRY,DARK-UNLIGHTED,39.748676,-105.547626,23,M,ALCOHOL/DRUGS
INTERSTATE,70,A,228.19,8/25/2018,315.0,INJ,OFF RIGHT,NON-INTERSECTION,1,STRAIGHT ON-GRADE,DRY,DARK-LIGHTED,39.719894,-105.695851,20,M,ALCOHOL INVOLVED
INTERSTATE,70,A,302.5,8/29/2018,655.0,PDO,ON,NON-INTERSECTION,2,STRAIGHT ON-LEVEL,DRY,DAYLIGHT,39.738193,-104.467814,0,,NO IMPAIRMENT SUSPECTED
INTERSTATE,70,A,242.98,8/29/2018,1200.0,PDO,ON,NON-INTERSECTION,2,STRAIGHT ON-LEVEL,DRY,DAYLIGHT,39.746357,-105.460919,64,F,NO IMPAIRMENT SUSPECTED
INTERSTATE,70,A,244.5,9/1/2018,916.0,PDO,ON,NON-INTERSECTION,2,STRAIGHT ON-GRADE,DRY,DAYLIGHT,39.744354,-105.43495,40,M,NO IMPAIRMENT SUSPECTED
INTERSTATE,70,A,313.0,9/2/2018,1347.0,PDO,ON,NON-INTERSECTION,2,STRAIGHT ON-LEVEL,DRY,DAYLIGHT,39.728312,-104.273081,59,M,NO IMPAIRMENT SUSPECTED
INTERSTATE,70,A,228.7,9/3/2018,236.0,INJ,ON,NON-INTERSECTION,2,STRAIGHT ON-LEVEL,DRY,DARK-LIGHTED,39.72674,-105.693887,29,M,ALCOHOL INVOLVED
INTERSTATE,70,A,315.9,9/3/2018,1100.0,PDO,OFF RIGHT,RAMP,1,STRAIGHT ON-GRADE,DRY,DAYLIGHT,39.715644,-104.222338,40,M,NO IMPAIRMENT SUSPECTED
INTERSTATE,70,A,244.5,9/4/2018,1853.0,PDO,OFF RIGHT,NON-INTERSECTION,1,CURVE ON-GRADE,DRY,DARK-UNLIGHTED,39.744354,-105.43495,40,M,NO IMPAIRMENT SUSPECTED
INTERSTATE,70,A,241.5,9/5/2018,1415.0,PDO,ON,NON-INTERSECTION,2,STRAIGHT ON-LEVEL,WET,DAYLIGHT,39.744411,-105.488957,41,M,NO IMPAIRMENT SUSPECTED
INTERSTATE,70,A,252.5,9/5/2018,1612.0,PDO,ON,NON-INTERSECTION,2,STRAIGHT ON-GRADE,WET,DAYLIGHT,39.713886,-105.313056,63,M,ALCOHOL INVOLVED
INTERSTATE,70,A,245.01,9/5/2018,1621.0,PDO,OFF LEFT,NON-INTERSECTION,1,CURVE ON-GRADE,WET,DAYLIGHT,39.73756,-105.431103,18,M,NO IMPAIRMENT SUSPECTED
INTERSTATE,70,A,245.6,9/5/2018,1645.0,INJ,OFF LEFT,NON-INTERSECTION,1,STRAIGHT ON-GRADE,WET,DAYLIGHT,39.729991,-105.425773,58,F,NO IMPAIRMENT SUSPECTED
INTERSTATE,70,A,306.7,9/6/2018,500.0,PDO,OFF RIGHT,NON-INTERSECTION,1,STRAIGHT ON-GRADE,DRY,DARK-UNLIGHTED,39.734861,-104.39033,20,F,NO IMPAIRMENT SUSPECTED
INTERSTATE,70,A,306.0,9/6/2018,516.0,PDO,ON,NON-INTERSECTION,2,STRAIGHT ON-GRADE,DRY,DARK-UNLIGHTED,39.736871,-104.4032,55,M,NO IMPAIRMENT SUSPECTED
INTERSTATE,70,A,262.57,9/6/2018,807.0,PDO,ON,NON-INTERSECTION,2,STRAIGHT ON-LEVEL,DRY,DAYLIGHT,39.739801,-105.159144,70,F,NO IMPAIRMENT SUSPECTED
INTERSTATE,70,A,262.82,9/7/2018,1437.0,PDO,ON,NON-INTERSECTION,2,STRAIGHT ON-GRADE,DRY,DAYLIGHT,39.742306,-105.156015,51,M,NO IMPAIRMENT SUSPECTED
INTERSTATE,70,A,262.82,9/7/2018,1648.0,PDO,ON,NON-INTERSECTION,2,STRAIGHT ON-LEVEL,DRY,DAYLIGHT,39.742306,-105.156015,19,F,NO IMPAIRMENT SUSPECTED
INTERSTATE,70,A,298.9,9/7/2018,1835.0,INJ,ON,NON-INTERSECTION,2,STRAIGHT ON-LEVEL,DRY,DAWN OR DUSK,39.738832,-104.535021,26,M,NO IMPAIRMENT SUSPECTED
INTERSTATE,70,A,230.97,9/9/2018,1005.0,INJ,OFF LEFT,NON-INTERSECTION,1,CURVE ON-LEVEL,DRY,DAYLIGHT,39.749722,-105.667499,34,F,NO IMPAIRMENT SUSPECTED
INTERSTATE,70,A,260.0,9/9/2018,1059.0,PDO,ON,NON-INTERSECTION,2,STRAIGHT ON-GRADE,DRY,DAYLIGHT,39.714575,-105.192224,39,M,ALCOHOL INVOLVED
INTERSTATE,70,A,260.1,9/9/2018,1305.0,PDO,ON,NON-INTERSECTION,2,STRAIGHT ON-GRADE,DRY,DAWN OR DUSK,39.71569,-105.191362,75,F,NO IMPAIRMENT SUSPECTED
INTERSTATE,70,A,228.0,9/9/2018,1952.0,INJ,ON,NON-INTERSECTION,3,STRAIGHT ON-GRADE,DRY,DARK-LIGHTED,39.716955,-105.696302,66,M,NO IMPAIRMENT SUSPECTED
INTERSTATE,70,A,254.21,9/10/2018,1440.0,FAT,OFF LEFT,NON-INTERSECTION,1,CURVE ON-GRADE,DRY,DAYLIGHT,39.708578,-105.2825,21,F,NO IMPAIRMENT SUSPECTED
INTERSTATE,70,A,243.0,9/10/2018,1600.0,PDO,ON,NON-INTERSECTION,3,CURVE ON-LEVEL,DRY,DAYLIGHT,39.746291,-105.460542,30,M,NO IMPAIRMENT SUSPECTED
INTERSTATE,70,A,254.0,9/12/2018,49.0,PDO,ON,NON-INTERSECTION,1,STRAIGHT ON-GRADE,DRY,DARK-UNLIGHTED,39.709013,-105.286143,34,M,NO IMPAIRMENT SUSPECTED
INTERSTATE,70,A,262.58,9/16/2018,1706.0,PDO,ON,RAMP,2,STRAIGHT ON-GRADE,DRY,DAYLIGHT,39.739896,-105.159024,20,M,NO IMPAIRMENT SUSPECTED
INTERSTATE,70,A,238.0,9/16/2018,1859.0,PDO,ON,NON-INTERSECTION,3,STRAIGHT ON-GRADE,DRY,DAYLIGHT,39.749552,-105.548763,0,U,NO IMPAIRMENT SUSPECTED
INTERSTATE,70,A,261.95,9/17/2018,1030.0,PDO,ON,NON-INTERSECTION,2,STRAIGHT ON-LEVEL,DRY,DAYLIGHT,39.733897,-105.166582,28,M,NO IMPAIRMENT SUSPECTED
INTERSTATE,70,A,261.66,9/18/2018,1724.0,PDO,OFF LEFT,RAMP,1,CURVE ON-GRADE,DRY,DAYLIGHT,39.731135,-105.170061,18,F,NO IMPAIRMENT SUSPECTED
INTERSTATE,70,A,292.0,9/19/2018,1730.0,INJ,ON,NON-INTERSECTION,3,STRAIGHT ON-LEVEL,DRY,DAYLIGHT,39.740176,-104.664077,23,M,NO IMPAIRMENT SUSPECTED
INTERSTATE,70,A,314.5,9/21/2018,1259.0,INJ,OFF LEFT,NON-INTERSECTION,1,STRAIGHT ON-LEVEL,DRY,DAYLIGHT,39.721769,-104.246981,79,M,NO IMPAIRMENT SUSPECTED
INTERSTATE,70,A,302.7,9/22/2018,621.0,PDO,ON,NON-INTERSECTION,1,STRAIGHT ON-LEVEL,DRY,DAYLIGHT,39.738185,-104.464099,19,F,NO IMPAIRMENT SUSPECTED
INTERSTATE,70,A,242.0,9/22/2018,1107.0,PDO,ON,NON-INTERSECTION,3,STRAIGHT ON-LEVEL,DRY,DAYLIGHT,39.743855,-105.480957,53,F,NO IMPAIRMENT SUSPECTED
INTERSTATE,70,A,262.1,9/23/2018,1730.0,PDO,ON,NON-INTERSECTION,2,STRAIGHT ON-GRADE,DRY,DAYLIGHT,39.735325,-105.164783,20,M,NO IMPAIRMENT SUSPECTED
INTERSTATE,70,A,293.9,9/23/2018,1847.0,PDO,ON,NON-INTERSECTION,3,CURVE ON-GRADE,DRY,DAWN OR DUSK,39.739715,-104.629237,46,M,NO IMPAIRMENT SUSPECTED
INTERSTATE,70,A,249.5,9/25/2018,2123.0,PDO,ON,NON-INTERSECTION,2,STRAIGHT ON-GRADE,DRY,DARK-UNLIGHTED,39.712238,-105.358867,21,F,ALCOHOL INVOLVED
INTERSTATE,70,A,242.0,9/26/2018,1140.0,PDO,OFF RIGHT,NON-INTERSECTION,1,STRAIGHT ON-LEVEL,DRY,DAYLIGHT,39.743855,-105.480957,52,M,NO IMPAIRMENT SUSPECTED
INTERSTATE,70,A,262.58,9/27/2018,1140.0,INJ,ON,RAMP,2,STRAIGHT ON-GRADE,DRY,DAYLIGHT,39.739896,-105.159024,17,M,NO IMPAIRMENT SUSPECTED
FRONTAGE ROAD,70,A,289.28,9/27/2018,1630.0,INJ,ON,NON-INTERSECTION,2,STRAIGHT ON-LEVEL,DRY,DAYLIGHT,39.737946,-104.713839,38,F,NO IMPAIRMENT SUSPECTED
INTERSTATE,70,A,308.1,9/27/2018,1700.0,PDO,OFF LEFT,NON-INTERSECTION,1,STRAIGHT ON-LEVEL,DRY,DAYLIGHT,39.732973,-104.364645,22,M,ALCOHOL INVOLVED
INTERSTATE,70,A,248.0,9/28/2018,1951.0,INJ,ON,NON-INTERSECTION,2,CURVE ON-GRADE,DRY,DARK-UNLIGHTED,39.715445,-105.383667,29,M,NO IMPAIRMENT SUSPECTED
INTERSTATE,70,A,262.57,9/28/2018,2330.0,PDO,ON,AT INTERSECTION,2,STRAIGHT ON-LEVEL,DRY,DARK-LIGHTED,39.739801,-105.159144,47,M,NO IMPAIRMENT SUSPECTED
INTERSTATE,70,A,238.0,9/29/2018,1100.0,INJ,ON,NON-INTERSECTION,3,CURVE ON-LEVEL,DRY,DAYLIGHT,39.749552,-105.548763,44,F,NO IMPAIRMENT SUSPECTED
INTERSTATE,70,A,244.1,9/29/2018,1140.0,INJ,ON,NON-INTERSECTION,2,CURVE ON-GRADE,DRY,DAYLIGHT,39.744207,-105.441796,28,F,NO IMPAIRMENT SUSPECTED
INTERSTATE,70,A,246.4,10/1/2018,935.0,PDO,ON,NON-INTERSECTION,2,STRAIGHT ON-GRADE,DRY,DAYLIGHT,39.722062,-105.412802,0,U,NO IMPAIRMENT SUSPECTED
INTERSTATE,70,A,316.0,10/2/2018,1100.0,PDO,ON,NON-INTERSECTION,2,STRAIGHT ON-LEVEL,DRY,DAYLIGHT,39.715201,-104.22057,27,M,RX/MEDICATION/DRUGS
INTERSTATE,70,A,262.02,10/3/2018,820.0,INJ,ON,NON-INTERSECTION,3,STRAIGHT ON-GRADE,DRY,DAYLIGHT,39.734563,-105.165743,29,F,NO IMPAIRMENT SUSPECTED
INTERSTATE,70,A,291.4,10/5/2018,2103.0,INJ,ON,NON-INTERSECTION,2,STRAIGHT ON-LEVEL,WET,DARK-UNLIGHTED,39.74002,-104.675191,25,F,NO IMPAIRMENT SUSPECTED
INTERSTATE,70,A,288.3,10/6/2018,2020.0,PDO,OFF LEFT,NON-INTERSECTION,1,CURVE ON-LEVEL,DRY,DARK-LIGHTED,39.740189,-104.73107,18,M,NO IMPAIRMENT SUSPECTED
INTERSTATE,70,A,246.3,10/7/2018,1723.0,PDO,ON,NON-INTERSECTION,2,CURVE ON-GRADE,DRY,DAWN OR DUSK,39.722842,-105.414896,0,,NO IMPAIRMENT SUSPECTED
INTERSTATE,70,A,227.9,10/8/2018,558.0,PDO,ON,NON-INTERSECTION,2,STRAIGHT ON-GRADE,WET,DARK-LIGHTED,39.715408,-105.696539,46,M,NO IMPAIRMENT SUSPECTED
INTERSTATE,70,A,228.2,10/9/2018,622.0,PDO,OFF RIGHT,NON-INTERSECTION,1,STRAIGHT ON-LEVEL,ICY,DARK-LIGHTED,39.720049,-105.695828,25,M,NO IMPAIRMENT SUSPECTED
INTERSTATE,70,A,240.5,10/9/2018,740.0,PDO,OFF RIGHT,NON-INTERSECTION,1,STRAIGHT ON-LEVEL,SNOWY,DAYLIGHT,39.740321,-105.504953,63,M,NO IMPAIRMENT SUSPECTED
INTERSTATE,70,A,242.5,10/10/2018,730.0,PDO,OFF RIGHT,NON-INTERSECTION,9,CURVE ON-LEVEL,ICY,DAYLIGHT,39.745222,-105.47048,28,F,NO IMPAIRMENT SUSPECTED
INTERSTATE,70,A,262.57,10/12/2018,1605.0,INJ,ON,NON-INTERSECTION,2,STRAIGHT ON-LEVEL,DRY,DAYLIGHT,39.739801,-105.159144,71,M,NO IMPAIRMENT SUSPECTED
INTERSTATE,70,A,249.5,10/13/2018,1943.0,PDO,ON,NON-INTERSECTION,1,CURVE ON-GRADE,DRY,DARK-UNLIGHTED,39.712238,-105.358867,25,F,NO IMPAIRMENT SUSPECTED
INTERSTATE,70,A,298.1,10/14/2018,920.0,INJ,OFF LEFT,NON-INTERSECTION,1,STRAIGHT ON-LEVEL,ICY,DAYLIGHT,39.739147,-104.550079,57,M,NO IMPAIRMENT SUSPECTED
INTERSTATE,70,A,242.1,10/14/2018,1700.0,PDO,ON,NON-INTERSECTION,2,STRAIGHT ON-LEVEL,WET,DAYLIGHT,39.744145,-105.478912,19,M,NO IMPAIRMENT SUSPECTED
INTERSTATE,70,A,154.9,10/15/2018,1630.0,PDO,ON,NON-INTERSECTION,1,STRAIGHT ON-LEVEL,DRY,DAYLIGHT,39.710399,-106.694593,31,F,NO IMPAIRMENT SUSPECTED
INTERSTATE,70,A,245.0,10/16/2018,2259.0,PDO,ON,NON-INTERSECTION,1,CURVE ON-GRADE,DRY,DARK-LIGHTED,39.737695,-105.431191,61,F,NO IMPAIRMENT SUSPECTED
INTERSTATE,70,A,303.5,10/19/2018,610.0,PDO,ON,NON-INTERSECTION,2,STRAIGHT ON-LEVEL,DRY,DARK-UNLIGHTED,39.738152,-104.449243,23,M,NO IMPAIRMENT SUSPECTED
INTERSTATE,70,A,261.64,10/19/2018,754.0,INJ,ON,RAMP,2,CURVE ON-GRADE,DRY,DAYLIGHT,39.730945,-105.170301,27,F,NO IMPAIRMENT SUSPECTED
INTERSTATE,70,A,262.05,10/19/2018,1524.0,PDO,ON,NON-INTERSECTION,3,STRAIGHT ON-LEVEL,DRY,DAYLIGHT,39.734849,-105.165383,0,,NO IMPAIRMENT SUSPECTED
INTERSTATE,70,A,263.25,10/19/2018,1545.0,INJ,ON,NON-INTERSECTION,3,STRAIGHT ON-LEVEL,DRY,DAYLIGHT,39.747158,-105.150821,17,F,NO IMPAIRMENT SUSPECTED
INTERSTATE,70,A,228.0,10/19/2018,1644.0,PDO,ON,NON-INTERSECTION,2,STRAIGHT ON-GRADE,DRY,DAYLIGHT,39.716955,-105.696302,60,M,NO IMPAIRMENT SUSPECTED
INTERSTATE,70,A,260.87,10/19/2018,1749.0,INJ,ON,NON-INTERSECTION,3,STRAIGHT ON-LEVEL,DRY,DAWN OR DUSK,39.723672,-105.181639,29,F,NO IMPAIRMENT SUSPECTED
INTERSTATE,70,A,260.5,10/20/2018,1804.0,PDO,ON,NON-INTERSECTION,2,STRAIGHT ON-GRADE,DRY,DAYLIGHT,39.720186,-105.186949,26,F,NO IMPAIRMENT SUSPECTED
INTERSTATE,70,A,291.0,10/21/2018,2045.0,INJ,ON,NON-INTERSECTION,2,STRAIGHT ON-LEVEL,DRY,DARK-UNLIGHTED,39.740037,-104.682376,32,M,NO IMPAIRMENT SUSPECTED
INTERSTATE,70,A,239.0,10/25/2018,1430.0,PDO,ON,NON-INTERSECTION,2,STRAIGHT ON-LEVEL,DRY,DAYLIGHT,39.743543,-105.532325,64,F,NO IMPAIRMENT SUSPECTED
INTERSTATE,70,A,289.16,10/25/2018,1836.0,PDO,ON,AT INTERSECTION,2,STRAIGHT ON-LEVEL,DRY,DARK-LIGHTED,39.740135,-104.715894,25,M,NO IMPAIRMENT SUSPECTED
INTERSTATE,70,A,259.93,10/26/2018,700.0,PDO,ON,RAMP,2,CURVE ON-GRADE,DRY,DAYLIGHT,39.713795,-105.192828,0,,NO IMPAIRMENT SUSPECTED
INTERSTATE,70,A,252.4,10/26/2018,1425.0,PDO,ON,NON-INTERSECTION,2,STRAIGHT ON-GRADE,DRY,DAYLIGHT,39.713081,-105.314528,19,M,NO IMPAIRMENT SUSPECTED
INTERSTATE,70,A,262.5,10/27/2018,727.0,PDO,ON,NON-INTERSECTION,2,STRAIGHT ON-LEVEL,DRY,DAWN OR DUSK,39.739134,-105.159984,0,,NO IMPAIRMENT SUSPECTED
INTERSTATE,70,A,291.8,10/27/2018,2220.0,PDO,OFF LEFT,NON-INTERSECTION,1,STRAIGHT ON-LEVEL,DRY,DARK-UNLIGHTED,39.740038,-104.668224,27,M,NO IMPAIRMENT SUSPECTED
INTERSTATE,70,A,239.5,10/28/2018,1814.0,PDO,ON,NON-INTERSECTION,2,CURVE ON-GRADE,DRY,DARK-LIGHTED,39.741475,-105.522983,0,,NO IMPAIRMENT SUSPECTED
INTERSTATE,70,A,303.9,10/29/2018,245.0,PDO,ON,NON-INTERSECTION,2,STRAIGHT ON-LEVEL,DRY,DARK-UNLIGHTED,39.738135,-104.441815,65,M,NO IMPAIRMENT SUSPECTED
INTERSTATE,70,A,240.5,10/30/2018,1011.0,PDO,ON,NON-INTERSECTION,1,STRAIGHT ON-LEVEL,DRY,DAYLIGHT,39.740321,-105.504953,41,M,NO IMPAIRMENT SUSPECTED
INTERSTATE,70,A,240.5,10/30/2018,1011.0,PDO,ON,NON-INTERSECTION,1,STRAIGHT ON-LEVEL,DRY,DAYLIGHT,39.740321,-105.504953,20,M,NO IMPAIRMENT SUSPECTED
INTERSTATE,70,A,259.81,10/30/2018,1157.0,INJ,OFF RIGHT,NON-INTERSECTION,1,CURVE ON-GRADE,DRY,DAYLIGHT,39.712453,-105.193853,41,M,NO IMPAIRMENT SUSPECTED
INTERSTATE,70,A,313.7,10/30/2018,1230.0,INJ,ON,NON-INTERSECTION,2,STRAIGHT ON-LEVEL,WET,DAYLIGHT,39.725259,-104.2609,37,F,NO IMPAIRMENT SUSPECTED
INTERSTATE,70,A,227.5,10/30/2018,1710.0,PDO,ON,NON-INTERSECTION,2,CURVE ON-GRADE,SNOWY,DAYLIGHT,39.709494,-105.697829,36,M,NO IMPAIRMENT SUSPECTED
INTERSTATE,70,A,260.14,10/31/2018,1800.0,PDO,OFF LEFT,RAMP,1,CURVE ON-GRADE,DRY,DAWN OR DUSK,39.716135,-105.191017,66,M,NO IMPAIRMENT SUSPECTED
INTERSTATE,70,A,299.1,11/1/2018,558.0,INJ,ON,NON-INTERSECTION,2,STRAIGHT ON-LEVEL,DRY,DARK-UNLIGHTED,39.738752,-104.531257,34,M,NO IMPAIRMENT SUSPECTED
INTERSTATE,70,A,262.5,11/1/2018,1000.0,PDO,ON,NON-INTERSECTION,2,STRAIGHT ON-LEVEL,DRY,DAYLIGHT,39.739134,-105.159984,0,,NO IMPAIRMENT SUSPECTED
INTERSTATE,70,A,263.0,11/3/2018,1011.0,PDO,ON,NON-INTERSECTION,2,STRAIGHT ON-LEVEL,WET,DAYLIGHT,39.744123,-105.153749,38,M,NO IMPAIRMENT SUSPECTED
INTERSTATE,70,A,154.8,11/4/2018,1610.0,PDO,OFF RIGHT,NON-INTERSECTION,1,CURVE ON-LEVEL,SLUSHY,DAWN OR DUSK,39.711108,-106.69616,32,M,NO IMPAIRMENT SUSPECTED
INTERSTATE,70,A,305.0,11/4/2018,1720.0,PDO,ON,NON-INTERSECTION,1,STRAIGHT ON-GRADE,DRY,DAWN OR DUSK,39.738085,-104.421545,0,,NO IMPAIRMENT SUSPECTED
INTERSTATE,70,A,304.35,11/6/2018,1040.0,PDO,ON,RAMP,2,STRAIGHT ON-GRADE,DRY,DAYLIGHT,39.738115,-104.433458,22,M,NO IMPAIRMENT SUSPECTED
INTERSTATE,70,A,289.9,11/8/2018,2205.0,INJ,ON,NON-INTERSECTION,2,STRAIGHT ON-LEVEL,DRY,DARK-UNLIGHTED,39.740102,-104.702526,18,M,ALCOHOL/DRUGS
INTERSTATE,70,A,259.81,11/9/2018,1946.0,PDO,ON,RAMP,2,CURVE ON-GRADE,DRY,DARK-LIGHTED,39.712453,-105.193853,0,,NO IMPAIRMENT SUSPECTED
INTERSTATE,70,A,254.1,11/10/2018,1735.0,INJ,OFF LEFT,NON-INTERSECTION,1,CURVE ON-GRADE,DRY,DARK-UNLIGHTED,39.7089,-105.284318,53,M,ALCOHOL INVOLVED
INTERSTATE,70,A,288.1,11/10/2018,2100.0,PDO,OFF LEFT,NON-INTERSECTION,1,CURVE ON-LEVEL,DRY,DARK-LIGHTED,39.742101,-104.735722,0,,NO IMPAIRMENT SUSPECTED
INTERSTATE,70,A,297.2,11/11/2018,715.0,PDO,OFF RIGHT,NON-INTERSECTION,1,STRAIGHT ON-LEVEL,ICY,DAYLIGHT,39.739436,-104.566828,35,F,NO IMPAIRMENT SUSPECTED
INTERSTATE,70,A,252.1,11/11/2018,1040.0,INJ,OFF LEFT,NON-INTERSECTION,1,STRAIGHT ON-GRADE,SLUSHY W/VIS ICY ROAD TREATMENT,DAYLIGHT,39.710042,-105.3181,45,M,NO IMPAIRMENT SUSPECTED
INTERSTATE,70,A,238.0,11/11/2018,1310.0,INJ,ON,NON-INTERSECTION,2,STRAIGHT ON-GRADE,WET,DAYLIGHT,39.749552,-105.548763,17,M,NO IMPAIRMENT SUSPECTED
INTERSTATE,70,A,289.0,11/11/2018,1605.0,PDO,OFF RIGHT,NON-INTERSECTION,1,CURVE ON-GRADE,ICY,DAYLIGHT,39.740128,-104.718526,37,M,NO IMPAIRMENT SUSPECTED
INTERSTATE,70,A,295.51,11/11/2018,2315.0,PDO,OFF RIGHT,NON-INTERSECTION,1,STRAIGHT ON-LEVEL,ICY,DARK-UNLIGHTED,39.739832,-104.597857,22,M,ALCOHOL INVOLVED
INTERSTATE,70,A,240.5,11/12/2018,232.0,PDO,OFF LEFT,NON-INTERSECTION,1,STRAIGHT ON-GRADE,ICY,DARK-LIGHTED,39.740321,-105.504953,25,M,NO IMPAIRMENT SUSPECTED
INTERSTATE,70,A,316.0,11/12/2018,655.0,PDO,OFF LEFT,NON-INTERSECTION,1,STRAIGHT ON-LEVEL,ICY,DAYLIGHT,39.715201,-104.22057,27,M,NO IMPAIRMENT SUSPECTED
INTERSTATE,70,A,304.6,11/12/2018,730.0,PDO,OFF RIGHT,NON-INTERSECTION,1,STRAIGHT ON-GRADE,ICY,DAYLIGHT,39.738104,-104.428816,48,M,NO IMPAIRMENT SUSPECTED
INTERSTATE,70,A,244.0,11/14/2018,1100.0,PDO,ON,NON-INTERSECTION,2,STRAIGHT ON-LEVEL,DRY,DAYLIGHT,39.743474,-105.443466,0,U,NO IMPAIRMENT SUSPECTED
INTERSTATE,70,A,244.8,11/14/2018,1155.0,PDO,ON,NON-INTERSECTION,2,STRAIGHT ON-GRADE,DRY,DAYLIGHT,39.740481,-105.432702,64,M,NO IMPAIRMENT SUSPECTED
INTERSTATE,70,A,310.8,11/15/2018,1200.0,INJ,OFF RIGHT,NON-INTERSECTION,1,STRAIGHT ON-LEVEL,DRY,DAYLIGHT,39.733044,-104.312506,35,F,NO IMPAIRMENT SUSPECTED
INTERSTATE,70,A,239.0,11/15/2018,1407.0,INJ,ON,NON-INTERSECTION,2,CURVE ON-LEVEL,DRY,DAYLIGHT,39.743543,-105.532325,0,U,NO IMPAIRMENT SUSPECTED
INTERSTATE,70,A,310.3,11/15/2018,1600.0,PDO,OFF RIGHT,NON-INTERSECTION,2,STRAIGHT ON-LEVEL,DRY,DAYLIGHT,39.733942,-104.322555,0,U,NO IMPAIRMENT SUSPECTED
INTERSTATE,70,A,261.5,11/15/2018,1640.0,PDO,ON,NON-INTERSECTION,4,STRAIGHT ON-LEVEL,DRY,DAWN OR DUSK,39.729498,-105.172306,0,,NO IMPAIRMENT SUSPECTED
INTERSTATE,70,A,262.57,11/15/2018,1704.0,PDO,ON,AT INTERSECTION,2,STRAIGHT ON-GRADE,DRY,DARK-LIGHTED,39.739801,-105.159144,20,F,NO IMPAIRMENT SUSPECTED
INTERSTATE,70,A,262.48,11/16/2018,1558.0,PDO,ON,NON-INTERSECTION,2,STRAIGHT ON-LEVEL,DRY,DAYLIGHT,39.738944,-105.160224,0,,NO IMPAIRMENT SUSPECTED
INTERSTATE,70,A,299.08,11/17/2018,1100.0,PDO,ON,NON-INTERSECTION,2,STRAIGHT ON-LEVEL,ICY,DAYLIGHT,39.73876,-104.531633,23,M,NO IMPAIRMENT SUSPECTED
INTERSTATE,70,A,313.25,11/17/2018,1310.0,PDO,ON,NON-INTERSECTION,2,STRAIGHT ON-LEVEL,ICY,DAYLIGHT,39.727222,-104.26873,30,F,NO IMPAIRMENT SUSPECTED
INTERSTATE,70,A,262.48,11/17/2018,1530.0,INJ,OFF LEFT,RAMP,1,STRAIGHT ON-GRADE,ICY,DAYLIGHT,39.738944,-105.160224,53,M,NO IMPAIRMENT SUSPECTED
INTERSTATE,70,A,261.2,11/20/2018,1745.0,PDO,ON,NON-INTERSECTION,3,STRAIGHT ON-GRADE,DRY,DARK-UNLIGHTED,39.726773,-105.17686,54,M,NO IMPAIRMENT SUSPECTED
INTERSTATE,70,A,259.95,11/20/2018,1751.0,PDO,ON,NON-INTERSECTION,2,STRAIGHT ON-GRADE,DRY,DAWN OR DUSK,39.714018,-105.192655,26,M,NO IMPAIRMENT SUSPECTED
INTERSTATE,70,A,240.5,11/21/2018,605.0,PDO,ON,NON-INTERSECTION,2,STRAIGHT ON-LEVEL,DRY,DARK-LIGHTED,39.740321,-105.504953,40,M,NO IMPAIRMENT SUSPECTED
INTERSTATE,70,A,245.0,11/21/2018,1304.0,PDO,ON,NON-INTERSECTION,2,STRAIGHT ON-GRADE,DRY,DAYLIGHT,39.737695,-105.431191,19,M,NO IMPAIRMENT SUSPECTED
INTERSTATE,70,A,262.04,11/21/2018,1542.0,PDO,ON,NON-INTERSECTION,2,STRAIGHT ON-GRADE,DRY,DAYLIGHT,39.734754,-105.165503,63,M,NO IMPAIRMENT SUSPECTED
INTERSTATE,70,A,240.0,11/21/2018,1731.0,PDO,ON,NON-INTERSECTION,2,CURVE ON-LEVEL,SLUSHY,DARK-UNLIGHTED,39.741308,-105.513778,0,U,NO IMPAIRMENT SUSPECTED
INTERSTATE,70,A,259.76,11/22/2018,42.0,INJ,OFF LEFT,RAMP,1,CURVE ON-LEVEL,DRY,DARK-UNLIGHTED,39.711888,-105.194267,24,M,NO IMPAIRMENT SUSPECTED
INTERSTATE,70,A,292.5,11/22/2018,220.0,PDO,ON,NON-INTERSECTION,2,STRAIGHT ON-LEVEL,DRY,DARK-UNLIGHTED,39.739746,-104.654376,23,M,NO IMPAIRMENT SUSPECTED
INTERSTATE,70,A,242.5,11/22/2018,1440.0,PDO,ON,NON-INTERSECTION,1,CURVE ON-LEVEL,DRY,DAYLIGHT,39.745222,-105.47048,26,F,NO IMPAIRMENT SUSPECTED
INTERSTATE,70,A,254.0,11/23/2018,551.0,PDO,OFF RIGHT,NON-INTERSECTION,1,STRAIGHT ON-GRADE,DRY,DARK-UNLIGHTED,39.709013,-105.286143,18,F,NO IMPAIRMENT SUSPECTED
INTERSTATE,70,A,244.5,11/23/2018,1130.0,PDO,ON,NON-INTERSECTION,2,CURVE ON-GRADE,DRY,DAYLIGHT,39.744354,-105.43495,28,M,NO IMPAIRMENT SUSPECTED
INTERSTATE,70,A,245.0,11/23/2018,1135.0,PDO,ON,NON-INTERSECTION,2,STRAIGHT ON-GRADE,DRY,DAYLIGHT,39.737695,-105.431191,56,M,NO IMPAIRMENT SUSPECTED
INTERSTATE,70,A,238.94,11/23/2018,1240.0,PDO,ON,AT INTERSECTION,2,CURVE ON-LEVEL,DRY,DAYLIGHT,39.74406,-105.534205,43,M,NO IMPAIRMENT SUSPECTED
INTERSTATE,70,A,248.0,11/23/2018,2252.0,PDO,ON,NON-INTERSECTION,1,CURVE ON-LEVEL,DRY,DARK-UNLIGHTED,39.715445,-105.383667,21,F,NO IMPAIRMENT SUSPECTED
INTERSTATE,70,A,289.5,11/24/2018,2320.0,PDO,OFF LEFT,NON-INTERSECTION,1,STRAIGHT ON-LEVEL,ICY,DARK-UNLIGHTED,39.740125,-104.709853,35,F,NO IMPAIRMENT SUSPECTED
INTERSTATE,70,A,289.3,11/24/2018,2350.0,PDO,OFF LEFT,NON-INTERSECTION,1,STRAIGHT ON-LEVEL,ICY,DARK-UNLIGHTED,39.740137,-104.713517,25,F,NO IMPAIRMENT SUSPECTED
INTERSTATE,70,A,291.5,11/25/2018,53.0,PDO,OFF LEFT,NON-INTERSECTION,1,STRAIGHT ON-LEVEL,ICY,DARK-UNLIGHTED,39.740031,-104.673448,58,M,NO IMPAIRMENT SUSPECTED
INTERSTATE,70,A,287.9,11/26/2018,644.0,PDO,ON,NON-INTERSECTION,1,STRAIGHT ON-LEVEL,DRY,DAWN OR DUSK,39.74343,-104.737931,27,M,NO IMPAIRMENT SUSPECTED
INTERSTATE,70,A,315.9,11/28/2018,1815.0,PDO,ON,NON-INTERSECTION,1,STRAIGHT ON-LEVEL,DRY,DARK-UNLIGHTED,39.715644,-104.222338,65,M,NO IMPAIRMENT SUSPECTED
INTERSTATE,70,A,260.16,11/29/2018,1809.0,PDO,ON,NON-INTERSECTION,2,STRAIGHT ON-LEVEL,DRY,DARK-UNLIGHTED,39.716358,-105.190845,37,F,NO IMPAIRMENT SUSPECTED
INTERSTATE,70,A,260.8,12/2/2018,1600.0,PDO,ON,NON-INTERSECTION,3,STRAIGHT ON-LEVEL,DRY,DAWN OR DUSK,39.723014,-105.182653,0,,NO IMPAIRMENT SUSPECTED
INTERSTATE,70,A,153.5,12/4/2018,845.0,PDO,OFF LEFT,NON-INTERSECTION,1,CURVE ON-LEVEL,ICY,DAYLIGHT,39.708025,-106.718361,18,M,NO IMPAIRMENT SUSPECTED
INTERSTATE,70,A,244.98,12/4/2018,1340.0,PDO,ON,NON-INTERSECTION,2,STRAIGHT ON-GRADE,DRY,DAYLIGHT,39.737966,-105.431367,45,M,NO IMPAIRMENT SUSPECTED
INTERSTATE,70,A,246.1,12/5/2018,730.0,INJ,ON,NON-INTERSECTION,2,STRAIGHT ON-GRADE,DRY,DAYLIGHT,39.724684,-105.418762,41,M,NO IMPAIRMENT SUSPECTED
INTERSTATE,70,A,261.9,12/5/2018,1357.0,INJ,ON,NON-INTERSECTION,2,STRAIGHT ON-GRADE,DRY,DAYLIGHT,39.733421,-105.167182,26,F,NO IMPAIRMENT SUSPECTED
FRONTAGE ROAD,70,A,289.28,12/5/2018,1545.0,PDO,ON,AT INTERSECTION,2,STRAIGHT ON-LEVEL,DRY,DAYLIGHT,39.740138,-104.713883,23,F,NO IMPAIRMENT SUSPECTED
INTERSTATE,70,A,293.0,12/5/2018,1545.0,INJ,ON,NON-INTERSECTION,2,STRAIGHT ON-LEVEL,DRY,DAYLIGHT,39.73863,-104.645102,25,M,NO IMPAIRMENT SUSPECTED
INTERSTATE,70,A,260.5,12/5/2018,1730.0,INJ,ON,NON-INTERSECTION,2,STRAIGHT ON-LEVEL,DRY,DARK-LIGHTED,39.720186,-105.186949,0,,NO IMPAIRMENT SUSPECTED
INTERSTATE,70,A,249.42,12/8/2018,1728.0,INJ,OFF RIGHT,NON-INTERSECTION,1,STRAIGHT ON-GRADE,DRY,DAWN OR DUSK,39.712274,-105.360369,29,M,NO IMPAIRMENT SUSPECTED
INTERSTATE,70,A,261.03,12/9/2018,1755.0,PDO,ON,NON-INTERSECTION,3,STRAIGHT ON-GRADE,DRY,DARK-LIGHTED,39.725175,-105.179322,39,F,NO IMPAIRMENT SUSPECTED
INTERSTATE,70,A,244.6,12/10/2018,1748.0,INJ,OFF LEFT,NON-INTERSECTION,1,CURVE ON-GRADE,DRY,DARK-UNLIGHTED,39.743377,-105.433465,19,F,ALCOHOL INVOLVED
INTERSTATE,70,A,259.8,12/11/2018,1554.0,PDO,ON,NON-INTERSECTION,2,CURVE ON-GRADE,DRY,DAYLIGHT,39.71234,-105.193936,20,M,NO IMPAIRMENT SUSPECTED
INTERSTATE,70,A,261.5,12/11/2018,1604.0,PDO,ON,NON-INTERSECTION,3,STRAIGHT ON-GRADE,DRY,DAWN OR DUSK,39.729498,-105.172306,29,M,NO IMPAIRMENT SUSPECTED
INTERSTATE,70,A,261.1,12/11/2018,1700.0,INJ,ON,NON-INTERSECTION,3,STRAIGHT ON-GRADE,DRY,DAWN OR DUSK,39.725833,-105.178308,28,M,NO IMPAIRMENT SUSPECTED
INTERSTATE,70,A,261.3,12/11/2018,1800.0,PDO,ON,NON-INTERSECTION,2,STRAIGHT ON-GRADE,DRY,DARK-UNLIGHTED,39.727686,-105.175372,27,M,NO IMPAIRMENT SUSPECTED
INTERSTATE,70,A,259.7,12/13/2018,1730.0,INJ,ON,RAMP,2,CURVE ON-LEVEL,DRY,DARK-LIGHTED,39.711156,-105.194818,34,M,NO IMPAIRMENT SUSPECTED
INTERSTATE,70,A,252.0,12/14/2018,1423.0,INJ,ON,NON-INTERSECTION,4,STRAIGHT ON-GRADE,DRY,DAYLIGHT,39.709078,-105.319309,69,M,NO IMPAIRMENT SUSPECTED
INTERSTATE,70,A,261.79,12/14/2018,1615.0,PDO,ON,NON-INTERSECTION,2,STRAIGHT ON-LEVEL,DRY,DAWN OR DUSK,39.732373,-105.168502,28,F,NO IMPAIRMENT SUSPECTED
INTERSTATE,70,A,294.5,12/15/2018,536.0,PDO,ON,NON-INTERSECTION,2,STRAIGHT ON-LEVEL,DRY,DARK-UNLIGHTED,39.740018,-104.618377,45,F,NO IMPAIRMENT SUSPECTED
INTERSTATE,70,A,260.99,12/16/2018,1733.0,PDO,ON,RAMP,3,STRAIGHT ON-LEVEL,DRY,DARK-LIGHTED,39.7248,-105.179902,25,F,NO IMPAIRMENT SUSPECTED
INTERSTATE,70,A,261.4,12/16/2018,2315.0,PDO,OFF RIGHT,NON-INTERSECTION,1,CURVE ON-GRADE,DRY,DARK-UNLIGHTED,39.728554,-105.173878,0,,NO IMPAIRMENT SUSPECTED
INTERSTATE,70,A,230.5,12/18/2018,1435.0,PDO,ON,NON-INTERSECTION,2,STRAIGHT ON-GRADE,DRY,DAYLIGHT,39.746633,-105.675263,30,M,NO IMPAIRMENT SUSPECTED
INTERSTATE,70,A,261.8,12/18/2018,1604.0,PDO,ON,NON-INTERSECTION,2,STRAIGHT ON-GRADE,DRY,DAYLIGHT,39.732468,-105.168382,22,F,NO IMPAIRMENT SUSPECTED
INTERSTATE,70,A,289.0,12/18/2018,1605.0,PDO,OFF RIGHT,NON-INTERSECTION,1,STRAIGHT ON-LEVEL,DRY,DAYLIGHT,39.740128,-104.718526,40,M,NO IMPAIRMENT SUSPECTED
INTERSTATE,70,A,260.2,12/19/2018,1930.0,PDO,OFF RIGHT,NON-INTERSECTION,1,STRAIGHT ON-LEVEL,DRY,DARK-UNLIGHTED,39.716815,-105.190482,72,M,NO IMPAIRMENT SUSPECTED
INTERSTATE,70,A,252.2,12/20/2018,1302.0,PDO,ON,NON-INTERSECTION,2,STRAIGHT ON-LEVEL,DRY,DAYLIGHT,39.710988,-105.31697,73,M,NO IMPAIRMENT SUSPECTED
INTERSTATE,70,A,261.0,12/20/2018,1552.0,PDO,OFF RIGHT,NON-INTERSECTION,1,STRAIGHT ON-GRADE,DRY,DAYLIGHT,39.724894,-105.179757,34,F,NO IMPAIRMENT SUSPECTED
INTERSTATE,70,A,289.09,12/21/2018,700.0,INJ,ON,RAMP,2,STRAIGHT ON-LEVEL,DRY,DAYLIGHT,39.740132,-104.717046,26,F,NO IMPAIRMENT SUSPECTED
INTERSTATE,70,A,292.3,12/21/2018,1115.0,PDO,ON,NON-INTERSECTION,2,STRAIGHT ON-LEVEL,DRY,DAYLIGHT,39.740171,-104.658098,62,M,NO IMPAIRMENT SUSPECTED
INTERSTATE,70,A,252.2,12/21/2018,1716.0,PDO,ON,NON-INTERSECTION,2,CURVE ON-GRADE,DRY,DARK-LIGHTED,39.710988,-105.31697,30,F,NO IMPAIRMENT SUSPECTED
INTERSTATE,70,A,263.0,12/21/2018,1723.0,INJ,ON,NON-INTERSECTION,2,STRAIGHT ON-LEVEL,DRY,DARK-UNLIGHTED,39.744123,-105.153749,49,F,NO IMPAIRMENT SUSPECTED
INTERSTATE,70,A,246.5,12/22/2018,730.0,PDO,ON,NON-INTERSECTION,2,STRAIGHT ON-GRADE,DRY,DAYLIGHT,39.721552,-105.411134,24,F,NO IMPAIRMENT SUSPECTED
INTERSTATE,70,A,244.6,12/23/2018,1320.0,PDO,ON,NON-INTERSECTION,2,STRAIGHT ON-GRADE,DRY,DAYLIGHT,39.743377,-105.433465,67,M,NO IMPAIRMENT SUSPECTED
INTERSTATE,70,A,229.0,12/23/2018,1550.0,INJ,ON,NON-INTERSECTION,2,STRAIGHT ON-LEVEL,DRY,DAYLIGHT,39.730575,-105.692431,42,M,NO IMPAIRMENT SUSPECTED
INTERSTATE,70,A,229.0,12/25/2018,1604.0,PDO,ON,NON-INTERSECTION,2,STRAIGHT ON-LEVEL,DRY,DAYLIGHT,39.730575,-105.692431,35,M,NO IMPAIRMENT SUSPECTED
INTERSTATE,70,A,261.0,12/25/2018,1935.0,PDO,ON,NON-INTERSECTION,2,STRAIGHT ON-GRADE,DRY,DARK-LIGHTED,39.724894,-105.179757,63,F,NO IMPAIRMENT SUSPECTED
INTERSTATE,70,A,246.04,12/26/2018,1227.0,INJ,ON,NON-INTERSECTION,2,STRAIGHT ON-GRADE,DRY,DAYLIGHT,39.725294,-105.419888,22,M,NO IMPAIRMENT SUSPECTED
INTERSTATE,70,A,260.29,12/26/2018,1632.0,PDO,ON,RAMP,3,STRAIGHT ON-LEVEL,WET,DARK-LIGHTED,39.717907,-105.189544,36,F,NO IMPAIRMENT SUSPECTED
INTERSTATE,70,A,254.2,12/26/2018,1720.0,INJ,ON,NON-INTERSECTION,2,STRAIGHT ON-GRADE,WET,DARK-UNLIGHTED,39.708504,-105.282568,38,M,ALCOHOL/DRUGS
INTERSTATE,70,A,240.9,12/26/2018,1745.0,PDO,ON,NON-INTERSECTION,2,STRAIGHT ON-GRADE,WET,DARK-LIGHTED,39.740611,-105.49766,0,U,NO IMPAIRMENT SUSPECTED
INTERSTATE,70,A,242.0,12/27/2018,900.0,PDO,ON,NON-INTERSECTION,2,STRAIGHT ON-LEVEL,WET,DAYLIGHT,39.743855,-105.480957,33,M,NO IMPAIRMENT SUSPECTED
INTERSTATE,70,A,244.05,12/27/2018,1209.0,PDO,ON,NON-INTERSECTION,2,CURVE ON-LEVEL,DRY W/VIS ICY ROAD TREATMENT,DAYLIGHT,39.743733,-105.44256,23,F,NO IMPAIRMENT SUSPECTED
INTERSTATE,70,A,245.0,12/29/2018,653.0,PDO,ON,NON-INTERSECTION,2,CURVE ON-GRADE,DRY,DARK-UNLIGHTED,39.737695,-105.431191,30,M,NO IMPAIRMENT SUSPECTED
INTERSTATE,70,A,245.9,12/29/2018,755.0,INJ,ON,NON-INTERSECTION,2,STRAIGHT ON-GRADE,WET,DAYLIGHT,39.726678,-105.422066,72,M,NO IMPAIRMENT SUSPECTED
INTERSTATE,70,A,242.0,12/31/2018,1000.0,PDO,OFF RIGHT,NON-INTERSECTION,1,CURVE ON-GRADE,SLUSHY,DAYLIGHT,39.743855,-105.480957,51,M,NO IMPAIRMENT SUSPECTED
INTERSTATE,70,A,253.0,12/31/2018,1024.0,PDO,ON,NON-INTERSECTION,3,STRAIGHT ON-LEVEL,SNOWY,DAYLIGHT,39.712496,-105.304125,26,F,NO IMPAIRMENT SUSPECTED
INTERSTATE,70,A,243.0,12/31/2018,1305.0,PDO,ON,NON-INTERSECTION,2,STRAIGHT ON-LEVEL,SNOWY,DAYLIGHT,39.746291,-105.460542,48,M,NO IMPAIRMENT SUSPECTED
